[{"pk": 1, "model": "serie.serie", "fields": {"genres": [1, 2], "network": 1, "name_es": "Twin Peaks", "poster": 1, "description": "The body of Laura Palmer is washed up on a beach near the small Washington state town of Twin Peaks. FBI Special Agent Dale Cooper is called in to investigate her strange demise only to uncover a web of mystery that ultimately leads him deep into the heart of the surrounding woodland and his very own soul.", "description_en": "The body of Laura Palmer is washed up on a beach near the small Washington state town of Twin Peaks. FBI Special Agent Dale Cooper is called in to investigate her strange demise only to uncover a web of mystery that ultimately leads him deep into the heart of the surrounding woodland and his very own soul.", "finished": true, "description_es": "Twin Peaks cuenta la historia del Agente Especial del FBI Dale Cooper (Kyle MacLachlan) y su investigaci\u00f3n del asesinato de una chica local muy popular, Laura Palmer (Sheryl Lee). Tambi\u00e9n muestra la vida social en un pueblo de los Estados Unidos.\n\nEl episodio piloto fue rodado en los pueblos de North Bend, Washington y Snoqualmie, Washington, cerca de Seattle, en los alrededores de las Cascade Mountains.\n\nLos eventos narrados se cuentan a raz\u00f3n de un d\u00eda por episodio (salvo excepciones).", "slug_name": "twin-peaks", "rating_score": 0, "name_en": "Twin Peaks", "runtime": 60, "rating_votes": 0, "name": "Twin Peaks"}}, {"pk": 1, "model": "serie.role", "fields": {"serie": 1, "role": "Special Agent Dale Cooper", "sortorder": null, "actor": 1}}, {"pk": 2, "model": "serie.role", "fields": {"serie": 1, "role": "Sheriff Harry S. Truman", "sortorder": null, "actor": 2}}, {"pk": 3, "model": "serie.role", "fields": {"serie": 1, "role": "Deputy Andy Brennan", "sortorder": null, "actor": 3}}, {"pk": 4, "model": "serie.role", "fields": {"serie": 1, "role": "The Log Lady", "sortorder": null, "actor": 4}}, {"pk": 5, "model": "serie.role", "fields": {"serie": 1, "role": "Annie Blackburn", "sortorder": null, "actor": 5}}, {"pk": 6, "model": "serie.role", "fields": {"serie": 1, "role": "Windom Earle", "sortorder": null, "actor": 6}}, {"pk": 7, "model": "serie.role", "fields": {"serie": 1, "role": "Bob", "sortorder": null, "actor": 7}}, {"pk": 8, "model": "serie.role", "fields": {"serie": 1, "role": "Dr. Lawrence Jacoby", "sortorder": null, "actor": 8}}, {"pk": 9, "model": "serie.role", "fields": {"serie": 1, "role": "Nadine Hurley", "sortorder": null, "actor": 9}}, {"pk": 10, "model": "serie.role", "fields": {"serie": 1, "role": "Leo Johnson", "sortorder": null, "actor": 10}}, {"pk": 11, "model": "serie.role", "fields": {"serie": 1, "role": "Deputy Tommy 'Hawk' Hill", "sortorder": null, "actor": 11}}, {"pk": 12, "model": "serie.role", "fields": {"serie": 1, "role": "Dr. Will Hayward", "sortorder": null, "actor": 12}}, {"pk": 13, "model": "serie.role", "fields": {"serie": 1, "role": "Lucy Moran", "sortorder": null, "actor": 13}}, {"pk": 14, "model": "serie.role", "fields": {"serie": 1, "role": "Leland Palmer", "sortorder": null, "actor": 14}}, {"pk": 15, "model": "serie.role", "fields": {"serie": 1, "role": "Benjamin Horne", "sortorder": null, "actor": 15}}, {"pk": 16, "model": "serie.role", "fields": {"serie": 1, "role": "Shelly Johnson", "sortorder": null, "actor": 16}}, {"pk": 17, "model": "serie.role", "fields": {"serie": 1, "role": "Bobby Briggs", "sortorder": null, "actor": 17}}, {"pk": 18, "model": "serie.role", "fields": {"serie": 1, "role": "Audrey Horne", "sortorder": null, "actor": 18}}, {"pk": 19, "model": "serie.role", "fields": {"serie": 1, "role": "", "sortorder": null, "actor": 19}}, {"pk": 20, "model": "serie.role", "fields": {"serie": 1, "role": "", "sortorder": null, "actor": 20}}, {"pk": 21, "model": "serie.role", "fields": {"serie": 1, "role": "", "sortorder": null, "actor": 21}}, {"pk": 22, "model": "serie.role", "fields": {"serie": 1, "role": "", "sortorder": null, "actor": 22}}, {"pk": 23, "model": "serie.role", "fields": {"serie": 1, "role": "", "sortorder": null, "actor": 23}}, {"pk": 24, "model": "serie.role", "fields": {"serie": 1, "role": "", "sortorder": null, "actor": 24}}, {"pk": 25, "model": "serie.role", "fields": {"serie": 1, "role": "", "sortorder": null, "actor": 25}}, {"pk": 26, "model": "serie.role", "fields": {"serie": 1, "role": "", "sortorder": null, "actor": 26}}, {"pk": 1, "model": "serie.seriealias", "fields": {"serie": 1, "name": "Twin Peaks"}}, {"pk": 1, "model": "serie.season", "fields": {"serie": 1, "poster": 2, "season": 0}}, {"pk": 2, "model": "serie.season", "fields": {"serie": 1, "poster": 178, "season": 1}}, {"pk": 3, "model": "serie.season", "fields": {"serie": 1, "poster": 134, "season": 2}}, {"pk": 1, "model": "serie.imageseason", "fields": {"src": "img/season/70533-0-2.jpg", "creator": null, "is_poster": true, "season": 1, "title": "16902"}}, {"pk": 2, "model": "serie.imageseason", "fields": {"src": "img/season/70533-0.jpg", "creator": null, "is_poster": true, "season": 1, "title": "15856"}}, {"pk": 3, "model": "serie.imageseason", "fields": {"src": "img/season/70533-1.jpg", "creator": null, "is_poster": true, "season": 2, "title": "16903"}}, {"pk": 4, "model": "serie.imageseason", "fields": {"src": "img/season/1030-1.jpg", "creator": null, "is_poster": true, "season": 2, "title": "8527"}}, {"pk": 5, "model": "serie.imageseason", "fields": {"src": "img/season/70533-2-2.jpg", "creator": null, "is_poster": true, "season": 3, "title": "16904"}}, {"pk": 6, "model": "serie.imageseason", "fields": {"src": "img/season/70533-2.jpg", "creator": null, "is_poster": true, "season": 3, "title": "10722"}}, {"pk": 7, "model": "serie.imageseason", "fields": {"src": "img/season/70533-2-2_1.jpg", "creator": null, "is_poster": true, "season": 3, "title": "16904"}}, {"pk": 8, "model": "serie.imageseason", "fields": {"src": "img/season/70533-2_1.jpg", "creator": null, "is_poster": true, "season": 3, "title": "10722"}}, {"pk": 9, "model": "serie.imageseason", "fields": {"src": "img/season/70533-2-2_2.jpg", "creator": null, "is_poster": true, "season": 3, "title": "16904"}}, {"pk": 10, "model": "serie.imageseason", "fields": {"src": "img/season/70533-2_2.jpg", "creator": null, "is_poster": true, "season": 3, "title": "10722"}}, {"pk": 11, "model": "serie.imageseason", "fields": {"src": "img/season/70533-2-2_3.jpg", "creator": null, "is_poster": true, "season": 3, "title": "16904"}}, {"pk": 12, "model": "serie.imageseason", "fields": {"src": "img/season/70533-2_3.jpg", "creator": null, "is_poster": true, "season": 3, "title": "10722"}}, {"pk": 13, "model": "serie.imageseason", "fields": {"src": "img/season/70533-2-2_4.jpg", "creator": null, "is_poster": true, "season": 3, "title": "16904"}}, {"pk": 14, "model": "serie.imageseason", "fields": {"src": "img/season/70533-2_4.jpg", "creator": null, "is_poster": true, "season": 3, "title": "10722"}}, {"pk": 15, "model": "serie.imageseason", "fields": {"src": "img/season/70533-2-2_5.jpg", "creator": null, "is_poster": true, "season": 3, "title": "16904"}}, {"pk": 16, "model": "serie.imageseason", "fields": {"src": "img/season/70533-2_5.jpg", "creator": null, "is_poster": true, "season": 3, "title": "10722"}}, {"pk": 17, "model": "serie.imageseason", "fields": {"src": "img/season/70533-2-2_6.jpg", "creator": null, "is_poster": true, "season": 3, "title": "16904"}}, {"pk": 18, "model": "serie.imageseason", "fields": {"src": "img/season/70533-2_6.jpg", "creator": null, "is_poster": true, "season": 3, "title": "10722"}}, {"pk": 19, "model": "serie.imageseason", "fields": {"src": "img/season/70533-2-2_7.jpg", "creator": null, "is_poster": true, "season": 3, "title": "16904"}}, {"pk": 20, "model": "serie.imageseason", "fields": {"src": "img/season/70533-2_7.jpg", "creator": null, "is_poster": true, "season": 3, "title": "10722"}}, {"pk": 21, "model": "serie.imageseason", "fields": {"src": "img/season/70533-2-2_8.jpg", "creator": null, "is_poster": true, "season": 3, "title": "16904"}}, {"pk": 22, "model": "serie.imageseason", "fields": {"src": "img/season/70533-2_8.jpg", "creator": null, "is_poster": true, "season": 3, "title": "10722"}}, {"pk": 23, "model": "serie.imageseason", "fields": {"src": "img/season/70533-2-2_9.jpg", "creator": null, "is_poster": true, "season": 3, "title": "16904"}}, {"pk": 24, "model": "serie.imageseason", "fields": {"src": "img/season/70533-2_9.jpg", "creator": null, "is_poster": true, "season": 3, "title": "10722"}}, {"pk": 25, "model": "serie.imageseason", "fields": {"src": "img/season/70533-2-2_10.jpg", "creator": null, "is_poster": true, "season": 3, "title": "16904"}}, {"pk": 26, "model": "serie.imageseason", "fields": {"src": "img/season/70533-2_10.jpg", "creator": null, "is_poster": true, "season": 3, "title": "10722"}}, {"pk": 27, "model": "serie.imageseason", "fields": {"src": "img/season/70533-2-2_11.jpg", "creator": null, "is_poster": true, "season": 3, "title": "16904"}}, {"pk": 28, "model": "serie.imageseason", "fields": {"src": "img/season/70533-2_11.jpg", "creator": null, "is_poster": true, "season": 3, "title": "10722"}}, {"pk": 29, "model": "serie.imageseason", "fields": {"src": "img/season/70533-2-2_12.jpg", "creator": null, "is_poster": true, "season": 3, "title": "16904"}}, {"pk": 30, "model": "serie.imageseason", "fields": {"src": "img/season/70533-2_12.jpg", "creator": null, "is_poster": true, "season": 3, "title": "10722"}}, {"pk": 31, "model": "serie.imageseason", "fields": {"src": "img/season/70533-2-2_13.jpg", "creator": null, "is_poster": true, "season": 3, "title": "16904"}}, {"pk": 32, "model": "serie.imageseason", "fields": {"src": "img/season/70533-2_13.jpg", "creator": null, "is_poster": true, "season": 3, "title": "10722"}}, {"pk": 33, "model": "serie.imageseason", "fields": {"src": "img/season/70533-2-2_14.jpg", "creator": null, "is_poster": true, "season": 3, "title": "16904"}}, {"pk": 34, "model": "serie.imageseason", "fields": {"src": "img/season/70533-2_14.jpg", "creator": null, "is_poster": true, "season": 3, "title": "10722"}}, {"pk": 35, "model": "serie.imageseason", "fields": {"src": "img/season/70533-2-2_15.jpg", "creator": null, "is_poster": true, "season": 3, "title": "16904"}}, {"pk": 36, "model": "serie.imageseason", "fields": {"src": "img/season/70533-2_15.jpg", "creator": null, "is_poster": true, "season": 3, "title": "10722"}}, {"pk": 37, "model": "serie.imageseason", "fields": {"src": "img/season/70533-2-2_16.jpg", "creator": null, "is_poster": true, "season": 3, "title": "16904"}}, {"pk": 38, "model": "serie.imageseason", "fields": {"src": "img/season/70533-2_16.jpg", "creator": null, "is_poster": true, "season": 3, "title": "10722"}}, {"pk": 39, "model": "serie.imageseason", "fields": {"src": "img/season/70533-2-2_17.jpg", "creator": null, "is_poster": true, "season": 3, "title": "16904"}}, {"pk": 40, "model": "serie.imageseason", "fields": {"src": "img/season/70533-2_17.jpg", "creator": null, "is_poster": true, "season": 3, "title": "10722"}}, {"pk": 41, "model": "serie.imageseason", "fields": {"src": "img/season/70533-2-2_18.jpg", "creator": null, "is_poster": true, "season": 3, "title": "16904"}}, {"pk": 42, "model": "serie.imageseason", "fields": {"src": "img/season/70533-2_18.jpg", "creator": null, "is_poster": true, "season": 3, "title": "10722"}}, {"pk": 43, "model": "serie.imageseason", "fields": {"src": "img/season/70533-2-2_19.jpg", "creator": null, "is_poster": true, "season": 3, "title": "16904"}}, {"pk": 44, "model": "serie.imageseason", "fields": {"src": "img/season/70533-2_19.jpg", "creator": null, "is_poster": true, "season": 3, "title": "10722"}}, {"pk": 45, "model": "serie.imageseason", "fields": {"src": "img/season/70533-2-2_20.jpg", "creator": null, "is_poster": true, "season": 3, "title": "16904"}}, {"pk": 46, "model": "serie.imageseason", "fields": {"src": "img/season/70533-2_20.jpg", "creator": null, "is_poster": true, "season": 3, "title": "10722"}}, {"pk": 47, "model": "serie.imageseason", "fields": {"src": "img/season/70533-2-2_21.jpg", "creator": null, "is_poster": true, "season": 3, "title": "16904"}}, {"pk": 48, "model": "serie.imageseason", "fields": {"src": "img/season/70533-2_21.jpg", "creator": null, "is_poster": true, "season": 3, "title": "10722"}}, {"pk": 49, "model": "serie.imageseason", "fields": {"src": "img/season/70533-2-2_22.jpg", "creator": null, "is_poster": true, "season": 3, "title": "16904"}}, {"pk": 50, "model": "serie.imageseason", "fields": {"src": "img/season/70533-2_22.jpg", "creator": null, "is_poster": true, "season": 3, "title": "10722"}}, {"pk": 51, "model": "serie.imageseason", "fields": {"src": "img/season/70533-2-2_23.jpg", "creator": null, "is_poster": true, "season": 3, "title": "16904"}}, {"pk": 52, "model": "serie.imageseason", "fields": {"src": "img/season/70533-2_23.jpg", "creator": null, "is_poster": true, "season": 3, "title": "10722"}}, {"pk": 53, "model": "serie.imageseason", "fields": {"src": "img/season/70533-2-2_24.jpg", "creator": null, "is_poster": true, "season": 3, "title": "16904"}}, {"pk": 54, "model": "serie.imageseason", "fields": {"src": "img/season/70533-2_24.jpg", "creator": null, "is_poster": true, "season": 3, "title": "10722"}}, {"pk": 55, "model": "serie.imageseason", "fields": {"src": "img/season/70533-2-2_25.jpg", "creator": null, "is_poster": true, "season": 3, "title": "16904"}}, {"pk": 56, "model": "serie.imageseason", "fields": {"src": "img/season/70533-2_25.jpg", "creator": null, "is_poster": true, "season": 3, "title": "10722"}}, {"pk": 57, "model": "serie.imageseason", "fields": {"src": "img/season/70533-2-2_26.jpg", "creator": null, "is_poster": true, "season": 3, "title": "16904"}}, {"pk": 58, "model": "serie.imageseason", "fields": {"src": "img/season/70533-2_26.jpg", "creator": null, "is_poster": true, "season": 3, "title": "10722"}}, {"pk": 59, "model": "serie.imageseason", "fields": {"src": "img/season/70533-2-2_27.jpg", "creator": null, "is_poster": true, "season": 3, "title": "16904"}}, {"pk": 60, "model": "serie.imageseason", "fields": {"src": "img/season/70533-2_27.jpg", "creator": null, "is_poster": true, "season": 3, "title": "10722"}}, {"pk": 61, "model": "serie.imageseason", "fields": {"src": "img/season/70533-2-2_28.jpg", "creator": null, "is_poster": true, "season": 3, "title": "16904"}}, {"pk": 62, "model": "serie.imageseason", "fields": {"src": "img/season/70533-2_28.jpg", "creator": null, "is_poster": true, "season": 3, "title": "10722"}}, {"pk": 63, "model": "serie.imageseason", "fields": {"src": "img/season/70533-2-2_29.jpg", "creator": null, "is_poster": true, "season": 3, "title": "16904"}}, {"pk": 64, "model": "serie.imageseason", "fields": {"src": "img/season/70533-2_29.jpg", "creator": null, "is_poster": true, "season": 3, "title": "10722"}}, {"pk": 65, "model": "serie.imageseason", "fields": {"src": "img/season/70533-2-2_30.jpg", "creator": null, "is_poster": true, "season": 3, "title": "16904"}}, {"pk": 66, "model": "serie.imageseason", "fields": {"src": "img/season/70533-2_30.jpg", "creator": null, "is_poster": true, "season": 3, "title": "10722"}}, {"pk": 67, "model": "serie.imageseason", "fields": {"src": "img/season/70533-2-2_31.jpg", "creator": null, "is_poster": true, "season": 3, "title": "16904"}}, {"pk": 68, "model": "serie.imageseason", "fields": {"src": "img/season/70533-2_31.jpg", "creator": null, "is_poster": true, "season": 3, "title": "10722"}}, {"pk": 69, "model": "serie.imageseason", "fields": {"src": "img/season/70533-2-2_32.jpg", "creator": null, "is_poster": true, "season": 3, "title": "16904"}}, {"pk": 70, "model": "serie.imageseason", "fields": {"src": "img/season/70533-2_32.jpg", "creator": null, "is_poster": true, "season": 3, "title": "10722"}}, {"pk": 71, "model": "serie.imageseason", "fields": {"src": "img/season/70533-2-2_33.jpg", "creator": null, "is_poster": true, "season": 3, "title": "16904"}}, {"pk": 72, "model": "serie.imageseason", "fields": {"src": "img/season/70533-2_33.jpg", "creator": null, "is_poster": true, "season": 3, "title": "10722"}}, {"pk": 73, "model": "serie.imageseason", "fields": {"src": "img/season/70533-2-2_34.jpg", "creator": null, "is_poster": true, "season": 3, "title": "16904"}}, {"pk": 74, "model": "serie.imageseason", "fields": {"src": "img/season/70533-2_34.jpg", "creator": null, "is_poster": true, "season": 3, "title": "10722"}}, {"pk": 75, "model": "serie.imageseason", "fields": {"src": "img/season/70533-2-2_35.jpg", "creator": null, "is_poster": true, "season": 3, "title": "16904"}}, {"pk": 76, "model": "serie.imageseason", "fields": {"src": "img/season/70533-2_35.jpg", "creator": null, "is_poster": true, "season": 3, "title": "10722"}}, {"pk": 77, "model": "serie.imageseason", "fields": {"src": "img/season/70533-2-2_36.jpg", "creator": null, "is_poster": true, "season": 3, "title": "16904"}}, {"pk": 78, "model": "serie.imageseason", "fields": {"src": "img/season/70533-2_36.jpg", "creator": null, "is_poster": true, "season": 3, "title": "10722"}}, {"pk": 79, "model": "serie.imageseason", "fields": {"src": "img/season/70533-2-2_37.jpg", "creator": null, "is_poster": true, "season": 3, "title": "16904"}}, {"pk": 80, "model": "serie.imageseason", "fields": {"src": "img/season/70533-2_37.jpg", "creator": null, "is_poster": true, "season": 3, "title": "10722"}}, {"pk": 81, "model": "serie.imageseason", "fields": {"src": "img/season/70533-2-2_38.jpg", "creator": null, "is_poster": true, "season": 3, "title": "16904"}}, {"pk": 82, "model": "serie.imageseason", "fields": {"src": "img/season/70533-2_38.jpg", "creator": null, "is_poster": true, "season": 3, "title": "10722"}}, {"pk": 83, "model": "serie.imageseason", "fields": {"src": "img/season/70533-2-2_39.jpg", "creator": null, "is_poster": true, "season": 3, "title": "16904"}}, {"pk": 84, "model": "serie.imageseason", "fields": {"src": "img/season/70533-2_39.jpg", "creator": null, "is_poster": true, "season": 3, "title": "10722"}}, {"pk": 85, "model": "serie.imageseason", "fields": {"src": "img/season/70533-2-2_40.jpg", "creator": null, "is_poster": true, "season": 3, "title": "16904"}}, {"pk": 86, "model": "serie.imageseason", "fields": {"src": "img/season/70533-2_40.jpg", "creator": null, "is_poster": true, "season": 3, "title": "10722"}}, {"pk": 87, "model": "serie.imageseason", "fields": {"src": "img/season/70533-2-2_41.jpg", "creator": null, "is_poster": true, "season": 3, "title": "16904"}}, {"pk": 88, "model": "serie.imageseason", "fields": {"src": "img/season/70533-2_41.jpg", "creator": null, "is_poster": true, "season": 3, "title": "10722"}}, {"pk": 89, "model": "serie.imageseason", "fields": {"src": "img/season/70533-2-2_42.jpg", "creator": null, "is_poster": true, "season": 3, "title": "16904"}}, {"pk": 90, "model": "serie.imageseason", "fields": {"src": "img/season/70533-2_42.jpg", "creator": null, "is_poster": true, "season": 3, "title": "10722"}}, {"pk": 91, "model": "serie.imageseason", "fields": {"src": "img/season/70533-2-2_43.jpg", "creator": null, "is_poster": true, "season": 3, "title": "16904"}}, {"pk": 92, "model": "serie.imageseason", "fields": {"src": "img/season/70533-2_43.jpg", "creator": null, "is_poster": true, "season": 3, "title": "10722"}}, {"pk": 93, "model": "serie.imageseason", "fields": {"src": "img/season/70533-2-2_44.jpg", "creator": null, "is_poster": true, "season": 3, "title": "16904"}}, {"pk": 94, "model": "serie.imageseason", "fields": {"src": "img/season/70533-2_44.jpg", "creator": null, "is_poster": true, "season": 3, "title": "10722"}}, {"pk": 95, "model": "serie.imageseason", "fields": {"src": "img/season/70533-2-2_45.jpg", "creator": null, "is_poster": true, "season": 3, "title": "16904"}}, {"pk": 96, "model": "serie.imageseason", "fields": {"src": "img/season/70533-2_45.jpg", "creator": null, "is_poster": true, "season": 3, "title": "10722"}}, {"pk": 97, "model": "serie.imageseason", "fields": {"src": "img/season/70533-2-2_46.jpg", "creator": null, "is_poster": true, "season": 3, "title": "16904"}}, {"pk": 98, "model": "serie.imageseason", "fields": {"src": "img/season/70533-2_46.jpg", "creator": null, "is_poster": true, "season": 3, "title": "10722"}}, {"pk": 99, "model": "serie.imageseason", "fields": {"src": "img/season/70533-2-2_47.jpg", "creator": null, "is_poster": true, "season": 3, "title": "16904"}}, {"pk": 100, "model": "serie.imageseason", "fields": {"src": "img/season/70533-2_47.jpg", "creator": null, "is_poster": true, "season": 3, "title": "10722"}}, {"pk": 101, "model": "serie.imageseason", "fields": {"src": "img/season/70533-2-2_48.jpg", "creator": null, "is_poster": true, "season": 3, "title": "16904"}}, {"pk": 102, "model": "serie.imageseason", "fields": {"src": "img/season/70533-2_48.jpg", "creator": null, "is_poster": true, "season": 3, "title": "10722"}}, {"pk": 103, "model": "serie.imageseason", "fields": {"src": "img/season/70533-2-2_49.jpg", "creator": null, "is_poster": true, "season": 3, "title": "16904"}}, {"pk": 104, "model": "serie.imageseason", "fields": {"src": "img/season/70533-2_49.jpg", "creator": null, "is_poster": true, "season": 3, "title": "10722"}}, {"pk": 105, "model": "serie.imageseason", "fields": {"src": "img/season/70533-2-2_50.jpg", "creator": null, "is_poster": true, "season": 3, "title": "16904"}}, {"pk": 106, "model": "serie.imageseason", "fields": {"src": "img/season/70533-2_50.jpg", "creator": null, "is_poster": true, "season": 3, "title": "10722"}}, {"pk": 107, "model": "serie.imageseason", "fields": {"src": "img/season/70533-2-2_51.jpg", "creator": null, "is_poster": true, "season": 3, "title": "16904"}}, {"pk": 108, "model": "serie.imageseason", "fields": {"src": "img/season/70533-2_51.jpg", "creator": null, "is_poster": true, "season": 3, "title": "10722"}}, {"pk": 109, "model": "serie.imageseason", "fields": {"src": "img/season/70533-2-2_52.jpg", "creator": null, "is_poster": true, "season": 3, "title": "16904"}}, {"pk": 110, "model": "serie.imageseason", "fields": {"src": "img/season/70533-2_52.jpg", "creator": null, "is_poster": true, "season": 3, "title": "10722"}}, {"pk": 111, "model": "serie.imageseason", "fields": {"src": "img/season/70533-2-2_53.jpg", "creator": null, "is_poster": true, "season": 3, "title": "16904"}}, {"pk": 112, "model": "serie.imageseason", "fields": {"src": "img/season/70533-2_53.jpg", "creator": null, "is_poster": true, "season": 3, "title": "10722"}}, {"pk": 113, "model": "serie.imageseason", "fields": {"src": "img/season/70533-2-2_54.jpg", "creator": null, "is_poster": true, "season": 3, "title": "16904"}}, {"pk": 114, "model": "serie.imageseason", "fields": {"src": "img/season/70533-2_54.jpg", "creator": null, "is_poster": true, "season": 3, "title": "10722"}}, {"pk": 115, "model": "serie.imageseason", "fields": {"src": "img/season/70533-2-2_55.jpg", "creator": null, "is_poster": true, "season": 3, "title": "16904"}}, {"pk": 116, "model": "serie.imageseason", "fields": {"src": "img/season/70533-2_55.jpg", "creator": null, "is_poster": true, "season": 3, "title": "10722"}}, {"pk": 117, "model": "serie.imageseason", "fields": {"src": "img/season/70533-2-2_56.jpg", "creator": null, "is_poster": true, "season": 3, "title": "16904"}}, {"pk": 118, "model": "serie.imageseason", "fields": {"src": "img/season/70533-2_56.jpg", "creator": null, "is_poster": true, "season": 3, "title": "10722"}}, {"pk": 119, "model": "serie.imageseason", "fields": {"src": "img/season/70533-2-2_57.jpg", "creator": null, "is_poster": true, "season": 3, "title": "16904"}}, {"pk": 120, "model": "serie.imageseason", "fields": {"src": "img/season/70533-2_57.jpg", "creator": null, "is_poster": true, "season": 3, "title": "10722"}}, {"pk": 121, "model": "serie.imageseason", "fields": {"src": "img/season/70533-2-2_58.jpg", "creator": null, "is_poster": true, "season": 3, "title": "16904"}}, {"pk": 122, "model": "serie.imageseason", "fields": {"src": "img/season/70533-2_58.jpg", "creator": null, "is_poster": true, "season": 3, "title": "10722"}}, {"pk": 123, "model": "serie.imageseason", "fields": {"src": "img/season/70533-2-2_59.jpg", "creator": null, "is_poster": true, "season": 3, "title": "16904"}}, {"pk": 124, "model": "serie.imageseason", "fields": {"src": "img/season/70533-2_59.jpg", "creator": null, "is_poster": true, "season": 3, "title": "10722"}}, {"pk": 125, "model": "serie.imageseason", "fields": {"src": "img/season/70533-2-2_60.jpg", "creator": null, "is_poster": true, "season": 3, "title": "16904"}}, {"pk": 126, "model": "serie.imageseason", "fields": {"src": "img/season/70533-2_60.jpg", "creator": null, "is_poster": true, "season": 3, "title": "10722"}}, {"pk": 127, "model": "serie.imageseason", "fields": {"src": "img/season/70533-2-2_61.jpg", "creator": null, "is_poster": true, "season": 3, "title": "16904"}}, {"pk": 128, "model": "serie.imageseason", "fields": {"src": "img/season/70533-2_61.jpg", "creator": null, "is_poster": true, "season": 3, "title": "10722"}}, {"pk": 129, "model": "serie.imageseason", "fields": {"src": "img/season/70533-2-2_62.jpg", "creator": null, "is_poster": true, "season": 3, "title": "16904"}}, {"pk": 130, "model": "serie.imageseason", "fields": {"src": "img/season/70533-2_62.jpg", "creator": null, "is_poster": true, "season": 3, "title": "10722"}}, {"pk": 131, "model": "serie.imageseason", "fields": {"src": "img/season/70533-2-2_63.jpg", "creator": null, "is_poster": true, "season": 3, "title": "16904"}}, {"pk": 132, "model": "serie.imageseason", "fields": {"src": "img/season/70533-2_63.jpg", "creator": null, "is_poster": true, "season": 3, "title": "10722"}}, {"pk": 133, "model": "serie.imageseason", "fields": {"src": "img/season/70533-2-2_64.jpg", "creator": null, "is_poster": true, "season": 3, "title": "16904"}}, {"pk": 134, "model": "serie.imageseason", "fields": {"src": "img/season/70533-2_64.jpg", "creator": null, "is_poster": true, "season": 3, "title": "10722"}}, {"pk": 135, "model": "serie.imageseason", "fields": {"src": "img/season/70533-1_1.jpg", "creator": null, "is_poster": true, "season": 2, "title": "16903"}}, {"pk": 136, "model": "serie.imageseason", "fields": {"src": "img/season/1030-1_1.jpg", "creator": null, "is_poster": true, "season": 2, "title": "8527"}}, {"pk": 137, "model": "serie.imageseason", "fields": {"src": "img/season/70533-1_2.jpg", "creator": null, "is_poster": true, "season": 2, "title": "16903"}}, {"pk": 138, "model": "serie.imageseason", "fields": {"src": "img/season/1030-1_2.jpg", "creator": null, "is_poster": true, "season": 2, "title": "8527"}}, {"pk": 139, "model": "serie.imageseason", "fields": {"src": "img/season/70533-1_3.jpg", "creator": null, "is_poster": true, "season": 2, "title": "16903"}}, {"pk": 140, "model": "serie.imageseason", "fields": {"src": "img/season/1030-1_3.jpg", "creator": null, "is_poster": true, "season": 2, "title": "8527"}}, {"pk": 141, "model": "serie.imageseason", "fields": {"src": "img/season/70533-1_4.jpg", "creator": null, "is_poster": true, "season": 2, "title": "16903"}}, {"pk": 142, "model": "serie.imageseason", "fields": {"src": "img/season/1030-1_4.jpg", "creator": null, "is_poster": true, "season": 2, "title": "8527"}}, {"pk": 143, "model": "serie.imageseason", "fields": {"src": "img/season/70533-1_5.jpg", "creator": null, "is_poster": true, "season": 2, "title": "16903"}}, {"pk": 144, "model": "serie.imageseason", "fields": {"src": "img/season/1030-1_5.jpg", "creator": null, "is_poster": true, "season": 2, "title": "8527"}}, {"pk": 145, "model": "serie.imageseason", "fields": {"src": "img/season/70533-1_6.jpg", "creator": null, "is_poster": true, "season": 2, "title": "16903"}}, {"pk": 146, "model": "serie.imageseason", "fields": {"src": "img/season/1030-1_6.jpg", "creator": null, "is_poster": true, "season": 2, "title": "8527"}}, {"pk": 147, "model": "serie.imageseason", "fields": {"src": "img/season/70533-1_7.jpg", "creator": null, "is_poster": true, "season": 2, "title": "16903"}}, {"pk": 148, "model": "serie.imageseason", "fields": {"src": "img/season/1030-1_7.jpg", "creator": null, "is_poster": true, "season": 2, "title": "8527"}}, {"pk": 149, "model": "serie.imageseason", "fields": {"src": "img/season/70533-1_8.jpg", "creator": null, "is_poster": true, "season": 2, "title": "16903"}}, {"pk": 150, "model": "serie.imageseason", "fields": {"src": "img/season/1030-1_8.jpg", "creator": null, "is_poster": true, "season": 2, "title": "8527"}}, {"pk": 151, "model": "serie.imageseason", "fields": {"src": "img/season/70533-1_9.jpg", "creator": null, "is_poster": true, "season": 2, "title": "16903"}}, {"pk": 152, "model": "serie.imageseason", "fields": {"src": "img/season/1030-1_9.jpg", "creator": null, "is_poster": true, "season": 2, "title": "8527"}}, {"pk": 153, "model": "serie.imageseason", "fields": {"src": "img/season/70533-1_10.jpg", "creator": null, "is_poster": true, "season": 2, "title": "16903"}}, {"pk": 154, "model": "serie.imageseason", "fields": {"src": "img/season/1030-1_10.jpg", "creator": null, "is_poster": true, "season": 2, "title": "8527"}}, {"pk": 155, "model": "serie.imageseason", "fields": {"src": "img/season/70533-1_11.jpg", "creator": null, "is_poster": true, "season": 2, "title": "16903"}}, {"pk": 156, "model": "serie.imageseason", "fields": {"src": "img/season/1030-1_11.jpg", "creator": null, "is_poster": true, "season": 2, "title": "8527"}}, {"pk": 157, "model": "serie.imageseason", "fields": {"src": "img/season/70533-1_12.jpg", "creator": null, "is_poster": true, "season": 2, "title": "16903"}}, {"pk": 158, "model": "serie.imageseason", "fields": {"src": "img/season/1030-1_12.jpg", "creator": null, "is_poster": true, "season": 2, "title": "8527"}}, {"pk": 159, "model": "serie.imageseason", "fields": {"src": "img/season/70533-1_13.jpg", "creator": null, "is_poster": true, "season": 2, "title": "16903"}}, {"pk": 160, "model": "serie.imageseason", "fields": {"src": "img/season/1030-1_13.jpg", "creator": null, "is_poster": true, "season": 2, "title": "8527"}}, {"pk": 161, "model": "serie.imageseason", "fields": {"src": "img/season/70533-1_14.jpg", "creator": null, "is_poster": true, "season": 2, "title": "16903"}}, {"pk": 162, "model": "serie.imageseason", "fields": {"src": "img/season/1030-1_14.jpg", "creator": null, "is_poster": true, "season": 2, "title": "8527"}}, {"pk": 163, "model": "serie.imageseason", "fields": {"src": "img/season/70533-1_15.jpg", "creator": null, "is_poster": true, "season": 2, "title": "16903"}}, {"pk": 164, "model": "serie.imageseason", "fields": {"src": "img/season/1030-1_15.jpg", "creator": null, "is_poster": true, "season": 2, "title": "8527"}}, {"pk": 165, "model": "serie.imageseason", "fields": {"src": "img/season/70533-1_16.jpg", "creator": null, "is_poster": true, "season": 2, "title": "16903"}}, {"pk": 166, "model": "serie.imageseason", "fields": {"src": "img/season/1030-1_16.jpg", "creator": null, "is_poster": true, "season": 2, "title": "8527"}}, {"pk": 167, "model": "serie.imageseason", "fields": {"src": "img/season/70533-1_17.jpg", "creator": null, "is_poster": true, "season": 2, "title": "16903"}}, {"pk": 168, "model": "serie.imageseason", "fields": {"src": "img/season/1030-1_17.jpg", "creator": null, "is_poster": true, "season": 2, "title": "8527"}}, {"pk": 169, "model": "serie.imageseason", "fields": {"src": "img/season/70533-1_18.jpg", "creator": null, "is_poster": true, "season": 2, "title": "16903"}}, {"pk": 170, "model": "serie.imageseason", "fields": {"src": "img/season/1030-1_18.jpg", "creator": null, "is_poster": true, "season": 2, "title": "8527"}}, {"pk": 171, "model": "serie.imageseason", "fields": {"src": "img/season/70533-1_19.jpg", "creator": null, "is_poster": true, "season": 2, "title": "16903"}}, {"pk": 172, "model": "serie.imageseason", "fields": {"src": "img/season/1030-1_19.jpg", "creator": null, "is_poster": true, "season": 2, "title": "8527"}}, {"pk": 173, "model": "serie.imageseason", "fields": {"src": "img/season/70533-1_20.jpg", "creator": null, "is_poster": true, "season": 2, "title": "16903"}}, {"pk": 174, "model": "serie.imageseason", "fields": {"src": "img/season/1030-1_20.jpg", "creator": null, "is_poster": true, "season": 2, "title": "8527"}}, {"pk": 175, "model": "serie.imageseason", "fields": {"src": "img/season/70533-1_21.jpg", "creator": null, "is_poster": true, "season": 2, "title": "16903"}}, {"pk": 176, "model": "serie.imageseason", "fields": {"src": "img/season/1030-1_21.jpg", "creator": null, "is_poster": true, "season": 2, "title": "8527"}}, {"pk": 177, "model": "serie.imageseason", "fields": {"src": "img/season/70533-1_22.jpg", "creator": null, "is_poster": true, "season": 2, "title": "16903"}}, {"pk": 178, "model": "serie.imageseason", "fields": {"src": "img/season/1030-1_22.jpg", "creator": null, "is_poster": true, "season": 2, "title": "8527"}}, {"pk": 1, "model": "serie.episode", "fields": {"episode": 1, "description": "Essentially a prequel to David Lynch and Mark Frost's earlier TV series \"Twin Peaks.\" The first half-hour or so concerns the investigation by FBI Agent Chet Desmond (Chris Isaak) and his partner Sam Stanley (Kiefer Sutherland) into the murder of night-shift waitress Teresa Banks in the small Washington state town of Deer Meadow. When Desmond finds a mysterious clue to the murder, he inexplicably disappears. The film then cuts to one year later in the nearby town of Twin Peaks and follows the events during the last week in the life of Laura Palmer (Sheryl Lee) a troubled teenage girl with two boyfriends; the hot-tempered rebel Bobby Briggs (Dana Ashbrook) and quiet biker James Hurley (James Marshall), her drug addiction, and her relationship with her difficult (and possible schizophrenic) father Leland (Ray Wise), a story in which her violent murder was later to motivate much of the TV series.", "title": "Fire Walk With Me", "season": 1, "air_date": "1992-05-08", "title_en": "Fire Walk With Me", "description_en": "Essentially a prequel to David Lynch and Mark Frost's earlier TV series \"Twin Peaks.\" The first half-hour or so concerns the investigation by FBI Agent Chet Desmond (Chris Isaak) and his partner Sam Stanley (Kiefer Sutherland) into the murder of night-shift waitress Teresa Banks in the small Washington state town of Deer Meadow. When Desmond finds a mysterious clue to the murder, he inexplicably disappears. The film then cuts to one year later in the nearby town of Twin Peaks and follows the events during the last week in the life of Laura Palmer (Sheryl Lee) a troubled teenage girl with two boyfriends; the hot-tempered rebel Bobby Briggs (Dana Ashbrook) and quiet biker James Hurley (James Marshall), her drug addiction, and her relationship with her difficult (and possible schizophrenic) father Leland (Ray Wise), a story in which her violent murder was later to motivate much of the TV series.", "title_es": "El Fuego Camina Conmigo", "description_es": "Precuela de la famosa serie televisiva. La fuente de los impulsos autodestructivos de Laura Palmer est\u00e1 en los abusos que sufre por parte alguien muy cercano, quien sufre la posesi\u00f3n del diab\u00f3lico Bob. Cuando Laura se da cuenta que su mejor amiga, Donna Hayward, se encamina a su mismo sendero autodestructivo, tiene un ataque de lucidez que le permite prevenirla.", "modified_time": "2011-05-06", "poster": 1, "created_time": "2011-05-06"}}, {"pk": 2, "model": "serie.episode", "fields": {"episode": 2, "description": "The small northwest town of Twin Peaks, Washington is shaken up when the body of the Homecoming Queen, Laura Palmer, is discovered washed up on a riverbank, wrapped in plastic.", "title": "Pilot - International Release", "season": 1, "air_date": null, "title_en": "Pilot - International Release", "description_en": "The small northwest town of Twin Peaks, Washington is shaken up when the body of the Homecoming Queen, Laura Palmer, is discovered washed up on a riverbank, wrapped in plastic.", "title_es": "Pilot - International Release", "description_es": "The small northwest town of Twin Peaks, Washington is shaken up when the body of the Homecoming Queen, Laura Palmer, is discovered washed up on a riverbank, wrapped in plastic.", "modified_time": "2011-05-06", "poster": 2, "created_time": "2011-05-06"}}, {"pk": 3, "model": "serie.episode", "fields": {"episode": 3, "description": "The alternate ending of the international stand-alone release.", "title": "Pilot - International Release Alternate Ending", "season": 1, "air_date": null, "title_en": "Pilot - International Release Alternate Ending", "description_en": "The alternate ending of the international stand-alone release.", "title_es": "Pilot - International Release Alternate Ending", "description_es": "The alternate ending of the international stand-alone release.", "modified_time": "2011-05-06", "poster": 3, "created_time": "2011-05-06"}}, {"pk": 4, "model": "serie.episode", "fields": {"episode": 4, "description": "Not available", "title": "Lost and Found: Jerry's Wandering Eye", "season": 1, "air_date": null, "title_en": "Lost and Found: Jerry's Wandering Eye", "description_en": "Not available", "title_es": "Lost and Found: Jerry's Wandering Eye", "description_es": "No disponible", "modified_time": "2011-05-06", "poster": null, "created_time": "2011-05-06"}}, {"pk": 5, "model": "serie.episode", "fields": {"episode": 5, "description": "Not available", "title": "Lost and Found: 27 Going on 6", "season": 1, "air_date": null, "title_en": "Lost and Found: 27 Going on 6", "description_en": "Not available", "title_es": "Lost and Found: 27 Going on 6", "description_es": "No disponible", "modified_time": "2011-05-06", "poster": null, "created_time": "2011-05-06"}}, {"pk": 6, "model": "serie.episode", "fields": {"episode": 6, "description": "Not available", "title": "Lost and Found: Lucy, Andy and Donuts", "season": 1, "air_date": null, "title_en": "Lost and Found: Lucy, Andy and Donuts", "description_en": "Not available", "title_es": "Lost and Found: Lucy, Andy and Donuts", "description_es": "No disponible", "modified_time": "2011-05-06", "poster": null, "created_time": "2011-05-06"}}, {"pk": 7, "model": "serie.episode", "fields": {"episode": 7, "description": "Not available", "title": "Lost and Found: Something About Johnny", "season": 1, "air_date": null, "title_en": "Lost and Found: Something About Johnny", "description_en": "Not available", "title_es": "Lost and Found: Something About Johnny", "description_es": "No disponible", "modified_time": "2011-05-06", "poster": null, "created_time": "2011-05-06"}}, {"pk": 8, "model": "serie.episode", "fields": {"episode": 8, "description": "Not available", "title": "A Slice of Lynch", "season": 1, "air_date": null, "title_en": "A Slice of Lynch", "description_en": "Not available", "title_es": "A Slice of Lynch", "description_es": "No disponible", "modified_time": "2011-05-06", "poster": 4, "created_time": "2011-05-06"}}, {"pk": 9, "model": "serie.episode", "fields": {"episode": 9, "description": "Not available", "title": "Northwest Passage: Creating the Pilot", "season": 1, "air_date": null, "title_en": "Northwest Passage: Creating the Pilot", "description_en": "Not available", "title_es": "Northwest Passage: Creating the Pilot", "description_es": "No disponible", "modified_time": "2011-05-06", "poster": null, "created_time": "2011-05-06"}}, {"pk": 10, "model": "serie.episode", "fields": {"episode": 10, "description": "Not available", "title": "Freshly Squeezed: Creating Season One", "season": 1, "air_date": null, "title_en": "Freshly Squeezed: Creating Season One", "description_en": "Not available", "title_es": "Freshly Squeezed: Creating Season One", "description_es": "No disponible", "modified_time": "2011-05-06", "poster": null, "created_time": "2011-05-06"}}, {"pk": 11, "model": "serie.episode", "fields": {"episode": 11, "description": "Not available", "title": "Where We're From: Creating the Music", "season": 1, "air_date": null, "title_en": "Where We're From: Creating the Music", "description_en": "Not available", "title_es": "Where We're From: Creating the Music", "description_es": "No disponible", "modified_time": "2011-05-06", "poster": null, "created_time": "2011-05-06"}}, {"pk": 12, "model": "serie.episode", "fields": {"episode": 12, "description": "Not available", "title": "Into the Night: Creating Season Two", "season": 1, "air_date": null, "title_en": "Into the Night: Creating Season Two", "description_en": "Not available", "title_es": "Into the Night: Creating Season Two", "description_es": "No disponible", "modified_time": "2011-05-06", "poster": null, "created_time": "2011-05-06"}}, {"pk": 13, "model": "serie.episode", "fields": {"episode": 13, "description": "Not available", "title": "Saturday Night Live: Kyle MacLachlan Monologue", "season": 1, "air_date": "1990-09-29", "title_en": "Saturday Night Live: Kyle MacLachlan Monologue", "description_en": "Not available", "title_es": "Saturday Night Live: Kyle MacLachlan Monologue", "description_es": "No disponible", "modified_time": "2011-05-06", "poster": 5, "created_time": "2011-05-06"}}, {"pk": 14, "model": "serie.episode", "fields": {"episode": 14, "description": "Not available", "title": "Saturday Night Live: Twin Peaks Sketch", "season": 1, "air_date": null, "title_en": "Saturday Night Live: Twin Peaks Sketch", "description_en": "Not available", "title_es": "Saturday Night Live: Twin Peaks Sketch", "description_es": "No disponible", "modified_time": "2011-05-06", "poster": null, "created_time": "2011-05-06"}}, {"pk": 15, "model": "serie.episode", "fields": {"episode": 15, "description": "Not available", "title": "Twin Peaks Festival: Return to Twin Peaks", "season": 1, "air_date": null, "title_en": "Twin Peaks Festival: Return to Twin Peaks", "description_en": "Not available", "title_es": "Twin Peaks Festival: Return to Twin Peaks", "description_es": "No disponible", "modified_time": "2011-05-06", "poster": 6, "created_time": "2011-05-06"}}, {"pk": 16, "model": "serie.episode", "fields": {"episode": 16, "description": "Not available", "title": "Falling", "season": 1, "air_date": null, "title_en": "Falling", "description_en": "Not available", "title_es": "Falling", "description_es": "No disponible", "modified_time": "2011-05-06", "poster": null, "created_time": "2011-05-06"}}, {"pk": 17, "model": "serie.episode", "fields": {"episode": 17, "description": "Not available", "title": "Georgia Coffee Commercials", "season": 1, "air_date": null, "title_en": "Georgia Coffee Commercials", "description_en": "Not available", "title_es": "Georgia Coffee Commercials", "description_es": "No disponible", "modified_time": "2011-05-06", "poster": null, "created_time": "2011-05-06"}}, {"pk": 18, "model": "serie.episode", "fields": {"episode": 18, "description": "Not available", "title": "On-Air Promos/Spots", "season": 1, "air_date": null, "title_en": "On-Air Promos/Spots", "description_en": "Not available", "title_es": "On-Air Promos/Spots", "description_es": "No disponible", "modified_time": "2011-05-06", "poster": null, "created_time": "2011-05-06"}}, {"pk": 19, "model": "serie.episode", "fields": {"episode": 19, "description": "Not available", "title": "1-900 Promo Spot", "season": 1, "air_date": null, "title_en": "1-900 Promo Spot", "description_en": "Not available", "title_es": "1-900 Promo Spot", "description_es": "No disponible", "modified_time": "2011-05-06", "poster": null, "created_time": "2011-05-06"}}, {"pk": 20, "model": "serie.episode", "fields": {"episode": 20, "description": "Not available", "title": "Lucy Bumpers", "season": 1, "air_date": null, "title_en": "Lucy Bumpers", "description_en": "Not available", "title_es": "Lucy Bumpers", "description_es": "No disponible", "modified_time": "2011-05-06", "poster": null, "created_time": "2011-05-06"}}, {"pk": 21, "model": "serie.episode", "fields": {"episode": 21, "description": "Not available", "title": "Mark Frost Interview", "season": 1, "air_date": null, "title_en": "Mark Frost Interview", "description_en": "Not available", "title_es": "Mark Frost Interview", "description_es": "No disponible", "modified_time": "2011-05-06", "poster": null, "created_time": "2011-05-06"}}, {"pk": 22, "model": "serie.episode", "fields": {"episode": 22, "description": "Not available", "title": "Learning to Speak in the Red Room", "season": 1, "air_date": null, "title_en": "Learning to Speak in the Red Room", "description_en": "Not available", "title_es": "Learning to Speak in the Red Room", "description_es": "No disponible", "modified_time": "2011-05-06", "poster": null, "created_time": "2011-05-06"}}, {"pk": 23, "model": "serie.episode", "fields": {"episode": 23, "description": "Not available", "title": "An Introduction to David Lynch", "season": 1, "air_date": null, "title_en": "An Introduction to David Lynch", "description_en": "Not available", "title_es": "An Introduction to David Lynch", "description_es": "No disponible", "modified_time": "2011-05-06", "poster": null, "created_time": "2011-05-06"}}, {"pk": 24, "model": "serie.episode", "fields": {"episode": 24, "description": "Not available", "title": "17 Pieces of Pie", "season": 1, "air_date": null, "title_en": "17 Pieces of Pie", "description_en": "Not available", "title_es": "17 Pieces of Pie", "description_es": "No disponible", "modified_time": "2011-05-06", "poster": null, "created_time": "2011-05-06"}}, {"pk": 25, "model": "serie.episode", "fields": {"episode": 25, "description": "Not available", "title": "Postcards from the Cast", "season": 1, "air_date": null, "title_en": "Postcards from the Cast", "description_en": "Not available", "title_es": "Postcards from the Cast", "description_es": "No disponible", "modified_time": "2011-05-06", "poster": null, "created_time": "2011-05-06"}}, {"pk": 26, "model": "serie.episode", "fields": {"episode": 26, "description": "Not available", "title": "Fire Walk With Me Electronic Press Kit", "season": 1, "air_date": null, "title_en": "Fire Walk With Me Electronic Press Kit", "description_en": "Not available", "title_es": "Fire Walk With Me Electronic Press Kit", "description_es": "No disponible", "modified_time": "2011-05-06", "poster": null, "created_time": "2011-05-06"}}, {"pk": 27, "model": "serie.episode", "fields": {"episode": 27, "description": "Not available", "title": "Georgia Coffee: Lost", "season": 1, "air_date": null, "title_en": "Georgia Coffee: Lost", "description_en": "Not available", "title_es": "Georgia Coffee: Lost", "description_es": "No disponible", "modified_time": "2011-05-06", "poster": null, "created_time": "2011-05-06"}}, {"pk": 28, "model": "serie.episode", "fields": {"episode": 28, "description": "Not available", "title": "Georgia Coffee: Cherry Pie", "season": 1, "air_date": null, "title_en": "Georgia Coffee: Cherry Pie", "description_en": "Not available", "title_es": "Georgia Coffee: Cherry Pie", "description_es": "No disponible", "modified_time": "2011-05-06", "poster": null, "created_time": "2011-05-06"}}, {"pk": 29, "model": "serie.episode", "fields": {"episode": 29, "description": "Not available", "title": "Georgia Coffee: A Mystery of G", "season": 1, "air_date": null, "title_en": "Georgia Coffee: A Mystery of G", "description_en": "Not available", "title_es": "Georgia Coffee: A Mystery of G", "description_es": "No disponible", "modified_time": "2011-05-06", "poster": null, "created_time": "2011-05-06"}}, {"pk": 30, "model": "serie.episode", "fields": {"episode": 30, "description": "Not available", "title": "Georgia Coffee: A Mystery of G & Pet", "season": 1, "air_date": null, "title_en": "Georgia Coffee: A Mystery of G & Pet", "description_en": "Not available", "title_es": "Georgia Coffee: A Mystery of G & Pet", "description_es": "No disponible", "modified_time": "2011-05-06", "poster": null, "created_time": "2011-05-06"}}, {"pk": 31, "model": "serie.episode", "fields": {"episode": 31, "description": "Not available", "title": "Georgia Coffee: The Rescue", "season": 1, "air_date": null, "title_en": "Georgia Coffee: The Rescue", "description_en": "Not available", "title_es": "Georgia Coffee: The Rescue", "description_es": "No disponible", "modified_time": "2011-05-06", "poster": null, "created_time": "2011-05-06"}}, {"pk": 32, "model": "serie.episode", "fields": {"episode": 32, "description": "\"Welcome to Twin Peaks.  My name is Margaret Lanterman.  I live in Twin Peaks.  I am known as the Log Lady.  There is a story behind that.  There are many stories in Twin Peaks--some of them are sad, some funny.  Some of them are stories of madness, of violence.  Some are ordinary.   Yet they all have about them a sense of mystery--the mystery of life.  Sometimes, the mystery of death.  The mystery of the woods.  The woods surrounding Twin Peaks.\n\n\"To introduce this story, let me just say it encompasses the all-- it is beyond the 'fire', though few would know that meaning.  It is a story of many, but begins with one--and I knew her.\n\n\"The one leading to the many is Laura Palmer.  Laura is the one.\"", "title": "Log Lady Introduction: Pilot", "season": 1, "air_date": null, "title_en": "Log Lady Introduction: Pilot", "description_en": "\"Welcome to Twin Peaks.  My name is Margaret Lanterman.  I live in Twin Peaks.  I am known as the Log Lady.  There is a story behind that.  There are many stories in Twin Peaks--some of them are sad, some funny.  Some of them are stories of madness, of violence.  Some are ordinary.   Yet they all have about them a sense of mystery--the mystery of life.  Sometimes, the mystery of death.  The mystery of the woods.  The woods surrounding Twin Peaks.\n\n\"To introduce this story, let me just say it encompasses the all-- it is beyond the 'fire', though few would know that meaning.  It is a story of many, but begins with one--and I knew her.\n\n\"The one leading to the many is Laura Palmer.  Laura is the one.\"", "title_es": "Log Lady Introduction: Pilot", "description_es": "\"Welcome to Twin Peaks.  My name is Margaret Lanterman.  I live in Twin Peaks.  I am known as the Log Lady.  There is a story behind that.  There are many stories in Twin Peaks--some of them are sad, some funny.  Some of them are stories of madness, of violence.  Some are ordinary.   Yet they all have about them a sense of mystery--the mystery of life.  Sometimes, the mystery of death.  The mystery of the woods.  The woods surrounding Twin Peaks.\n\n\"To introduce this story, let me just say it encompasses the all-- it is beyond the 'fire', though few would know that meaning.  It is a story of many, but begins with one--and I knew her.\n\n\"The one leading to the many is Laura Palmer.  Laura is the one.\"", "modified_time": "2011-05-06", "poster": null, "created_time": "2011-05-06"}}, {"pk": 33, "model": "serie.episode", "fields": {"episode": 33, "description": "\"I carry a log--yes.  Is it funny to you?  It is not to me.  Behind all things are reasons.  Reasons can even explain the absurd.  Do we have the time to learn the reasons behind the human being's varied behavior?  I think not.  Some take the time.  Are they called detectives?\n\n\"Watch--and see what life teaches.\"", "title": "Log Lady Introduction: Traces to Nowhere", "season": 1, "air_date": null, "title_en": "Log Lady Introduction: Traces to Nowhere", "description_en": "\"I carry a log--yes.  Is it funny to you?  It is not to me.  Behind all things are reasons.  Reasons can even explain the absurd.  Do we have the time to learn the reasons behind the human being's varied behavior?  I think not.  Some take the time.  Are they called detectives?\n\n\"Watch--and see what life teaches.\"", "title_es": "Log Lady Introduction: Traces to Nowhere", "description_es": "\"I carry a log--yes.  Is it funny to you?  It is not to me.  Behind all things are reasons.  Reasons can even explain the absurd.  Do we have the time to learn the reasons behind the human being's varied behavior?  I think not.  Some take the time.  Are they called detectives?\n\n\"Watch--and see what life teaches.\"", "modified_time": "2011-05-06", "poster": null, "created_time": "2011-05-06"}}, {"pk": 34, "model": "serie.episode", "fields": {"episode": 34, "description": "\"Sometime ideas, like men, jump up and say 'hello'.  They introduce themselves, these ideas, with words.  Are they words?  These ideas speak so strangely.\n\n\"All that we see in this world is based on someone's ideas.  Some ideas are destructive, some are constructive.  Some ideas can arrive in the form of a dream.  I can say it again: some ideas arrive in the form of a dream.\"", "title": "Log Lady Introduction: Zen, or the Skill to Catch a Killer", "season": 1, "air_date": null, "title_en": "Log Lady Introduction: Zen, or the Skill to Catch a Killer", "description_en": "\"Sometime ideas, like men, jump up and say 'hello'.  They introduce themselves, these ideas, with words.  Are they words?  These ideas speak so strangely.\n\n\"All that we see in this world is based on someone's ideas.  Some ideas are destructive, some are constructive.  Some ideas can arrive in the form of a dream.  I can say it again: some ideas arrive in the form of a dream.\"", "title_es": "Log Lady Introduction: Zen, or the Skill to Catch a Killer", "description_es": "\"Sometime ideas, like men, jump up and say 'hello'.  They introduce themselves, these ideas, with words.  Are they words?  These ideas speak so strangely.\n\n\"All that we see in this world is based on someone's ideas.  Some ideas are destructive, some are constructive.  Some ideas can arrive in the form of a dream.  I can say it again: some ideas arrive in the form of a dream.\"", "modified_time": "2011-05-06", "poster": null, "created_time": "2011-05-06"}}, {"pk": 35, "model": "serie.episode", "fields": {"episode": 35, "description": "\"There is a sadness in this world, for we are ignorant of many things.  Yes, we are ignorant of many beautiful things--things like the truth.  So sadness, in our ignornace, is very real.\n\n\"The tears are real.  What is this thing called a tear?  There are even tiny ducts--tear ducts--to produce these tears should the sadness occur.  Then the day when the sadness comes--then we ask: 'Will this sadness which makes me cry--will this sadness that makes my heart cry out--will it ever end?'\n\n\"The answer, of course, is yes.  One day the sadness will end.\"", "title": "Log Lady Introduction: Rest in Pain", "season": 1, "air_date": null, "title_en": "Log Lady Introduction: Rest in Pain", "description_en": "\"There is a sadness in this world, for we are ignorant of many things.  Yes, we are ignorant of many beautiful things--things like the truth.  So sadness, in our ignornace, is very real.\n\n\"The tears are real.  What is this thing called a tear?  There are even tiny ducts--tear ducts--to produce these tears should the sadness occur.  Then the day when the sadness comes--then we ask: 'Will this sadness which makes me cry--will this sadness that makes my heart cry out--will it ever end?'\n\n\"The answer, of course, is yes.  One day the sadness will end.\"", "title_es": "Log Lady Introduction: Rest in Pain", "description_es": "\"There is a sadness in this world, for we are ignorant of many things.  Yes, we are ignorant of many beautiful things--things like the truth.  So sadness, in our ignornace, is very real.\n\n\"The tears are real.  What is this thing called a tear?  There are even tiny ducts--tear ducts--to produce these tears should the sadness occur.  Then the day when the sadness comes--then we ask: 'Will this sadness which makes me cry--will this sadness that makes my heart cry out--will it ever end?'\n\n\"The answer, of course, is yes.  One day the sadness will end.\"", "modified_time": "2011-05-06", "poster": null, "created_time": "2011-05-06"}}, {"pk": 36, "model": "serie.episode", "fields": {"episode": 36, "description": "\"Even the ones who laugh are sometimes caught without an answer: these creatures who introduce themselves but we swear we have met them somewhere before.\n\n\"Yes, look in the mirror.  What do you see?  Is it a dream, or a nightmare?  Are we being introduced against our will?  Are they mirrors?\n\n\"I can see the smoke.  I can smell the fire.  The battle is drawing nigh.\"", "title": "Log Lady Introduction: The One-Armed Man", "season": 1, "air_date": null, "title_en": "Log Lady Introduction: The One-Armed Man", "description_en": "\"Even the ones who laugh are sometimes caught without an answer: these creatures who introduce themselves but we swear we have met them somewhere before.\n\n\"Yes, look in the mirror.  What do you see?  Is it a dream, or a nightmare?  Are we being introduced against our will?  Are they mirrors?\n\n\"I can see the smoke.  I can smell the fire.  The battle is drawing nigh.\"", "title_es": "Log Lady Introduction: The One-Armed Man", "description_es": "\"Even the ones who laugh are sometimes caught without an answer: these creatures who introduce themselves but we swear we have met them somewhere before.\n\n\"Yes, look in the mirror.  What do you see?  Is it a dream, or a nightmare?  Are we being introduced against our will?  Are they mirrors?\n\n\"I can see the smoke.  I can smell the fire.  The battle is drawing nigh.\"", "modified_time": "2011-05-06", "poster": null, "created_time": "2011-05-06"}}, {"pk": 37, "model": "serie.episode", "fields": {"episode": 37, "description": "\"I play my part on my stage.  I tell what I can to form the perfect answer.  But that answer cannot come before all are ready to hear.  So I tell what I can to form the perfect answer.\n\n\"Sometimes my anger at the fire is evident.  Sometimes it is not anger, really.  It may appear as such, but could it be a clue?  The fire I speak of is not a kind fire.\"", "title": "Log Lady Introduction: Cooper's Dream", "season": 1, "air_date": null, "title_en": "Log Lady Introduction: Cooper's Dream", "description_en": "\"I play my part on my stage.  I tell what I can to form the perfect answer.  But that answer cannot come before all are ready to hear.  So I tell what I can to form the perfect answer.\n\n\"Sometimes my anger at the fire is evident.  Sometimes it is not anger, really.  It may appear as such, but could it be a clue?  The fire I speak of is not a kind fire.\"", "title_es": "Log Lady Introduction: Cooper's Dream", "description_es": "\"I play my part on my stage.  I tell what I can to form the perfect answer.  But that answer cannot come before all are ready to hear.  So I tell what I can to form the perfect answer.\n\n\"Sometimes my anger at the fire is evident.  Sometimes it is not anger, really.  It may appear as such, but could it be a clue?  The fire I speak of is not a kind fire.\"", "modified_time": "2011-05-06", "poster": null, "created_time": "2011-05-06"}}, {"pk": 38, "model": "serie.episode", "fields": {"episode": 38, "description": "\"Beauty is in the eye of the beholder.  Yet there are those who open many eyes.  Eyes are the mirror of the soul, someone has said.  So we look closely at the eyes to see the nature of the soul.\n\n\"Somewimes when we see the eyes--those horrible times when we see the eyes, eyes that ... that have no soul--then we know a darkness, then we wonder:  where is the beauty?  There is none if the eyes are soulless.\"", "title": "Log Lady Introduction: Realization Time", "season": 1, "air_date": null, "title_en": "Log Lady Introduction: Realization Time", "description_en": "\"Beauty is in the eye of the beholder.  Yet there are those who open many eyes.  Eyes are the mirror of the soul, someone has said.  So we look closely at the eyes to see the nature of the soul.\n\n\"Somewimes when we see the eyes--those horrible times when we see the eyes, eyes that ... that have no soul--then we know a darkness, then we wonder:  where is the beauty?  There is none if the eyes are soulless.\"", "title_es": "Log Lady Introduction: Realization Time", "description_es": "\"Beauty is in the eye of the beholder.  Yet there are those who open many eyes.  Eyes are the mirror of the soul, someone has said.  So we look closely at the eyes to see the nature of the soul.\n\n\"Somewimes when we see the eyes--those horrible times when we see the eyes, eyes that ... that have no soul--then we know a darkness, then we wonder:  where is the beauty?  There is none if the eyes are soulless.\"", "modified_time": "2011-05-06", "poster": null, "created_time": "2011-05-06"}}, {"pk": 39, "model": "serie.episode", "fields": {"episode": 39, "description": "\"A drunken man walks in a way that is quite impossible for a sober man to imitate, and vice versa.  An evil man has a way, no matter how clever--to the trained eye, his way will show itself.\n\n\"Am I being too secretive?  No.  One can never answer questions at the wrong moment.  Life, like music, has a rhythm.  This particular song will end with three sharp notes, like deathly drumbeats.\"", "title": "Log Lady Introduction: The Last Evening", "season": 1, "air_date": null, "title_en": "Log Lady Introduction: The Last Evening", "description_en": "\"A drunken man walks in a way that is quite impossible for a sober man to imitate, and vice versa.  An evil man has a way, no matter how clever--to the trained eye, his way will show itself.\n\n\"Am I being too secretive?  No.  One can never answer questions at the wrong moment.  Life, like music, has a rhythm.  This particular song will end with three sharp notes, like deathly drumbeats.\"", "title_es": "Log Lady Introduction: The Last Evening", "description_es": "\"A drunken man walks in a way that is quite impossible for a sober man to imitate, and vice versa.  An evil man has a way, no matter how clever--to the trained eye, his way will show itself.\n\n\"Am I being too secretive?  No.  One can never answer questions at the wrong moment.  Life, like music, has a rhythm.  This particular song will end with three sharp notes, like deathly drumbeats.\"", "modified_time": "2011-05-06", "poster": null, "created_time": "2011-05-06"}}, {"pk": 40, "model": "serie.episode", "fields": {"episode": 40, "description": "\"Hello again.  Can you see through a wall?  Can you see through human skin?  X-rays see through solid, or so-called solid objects.  There are things in life that exist, and yet our eyes cannot see them.  Have you ever seen something startling that others cannot see?  Why are some things kept from our vision?  Is life a puzzle?\n\n\"I am filled with questions.  Sometimes my questions are answered.  In my heart, I can tell if the answer is correct.  I am my own judge.\n\n\"In a dream, are all the characters really you?  Different aspects of you?  Do answers come in dreams?\n\n\"One more thing: I grew up in the woods.  I understand many things because of the woods.  Trees standing together, growing alongside one another, providing so much.\n\n\"I chew pitch gum.  On the outside, let's say of the ponderosa pine, sometimes pitch oozes out.  Runny pitch is no good to chew.  Hard, brittle pitch is no good.  But in between there exists a firm, slightly crusted pitch with such a flavor.  This is the pitch I chew.\"", "title": "Log Lady Introduction: May the Giant Be with You", "season": 1, "air_date": null, "title_en": "Log Lady Introduction: May the Giant Be with You", "description_en": "\"Hello again.  Can you see through a wall?  Can you see through human skin?  X-rays see through solid, or so-called solid objects.  There are things in life that exist, and yet our eyes cannot see them.  Have you ever seen something startling that others cannot see?  Why are some things kept from our vision?  Is life a puzzle?\n\n\"I am filled with questions.  Sometimes my questions are answered.  In my heart, I can tell if the answer is correct.  I am my own judge.\n\n\"In a dream, are all the characters really you?  Different aspects of you?  Do answers come in dreams?\n\n\"One more thing: I grew up in the woods.  I understand many things because of the woods.  Trees standing together, growing alongside one another, providing so much.\n\n\"I chew pitch gum.  On the outside, let's say of the ponderosa pine, sometimes pitch oozes out.  Runny pitch is no good to chew.  Hard, brittle pitch is no good.  But in between there exists a firm, slightly crusted pitch with such a flavor.  This is the pitch I chew.\"", "title_es": "Log Lady Introduction: May the Giant Be with You", "description_es": "\"Hello again.  Can you see through a wall?  Can you see through human skin?  X-rays see through solid, or so-called solid objects.  There are things in life that exist, and yet our eyes cannot see them.  Have you ever seen something startling that others cannot see?  Why are some things kept from our vision?  Is life a puzzle?\n\n\"I am filled with questions.  Sometimes my questions are answered.  In my heart, I can tell if the answer is correct.  I am my own judge.\n\n\"In a dream, are all the characters really you?  Different aspects of you?  Do answers come in dreams?\n\n\"One more thing: I grew up in the woods.  I understand many things because of the woods.  Trees standing together, growing alongside one another, providing so much.\n\n\"I chew pitch gum.  On the outside, let's say of the ponderosa pine, sometimes pitch oozes out.  Runny pitch is no good to chew.  Hard, brittle pitch is no good.  But in between there exists a firm, slightly crusted pitch with such a flavor.  This is the pitch I chew.\"", "modified_time": "2011-05-06", "poster": null, "created_time": "2011-05-06"}}, {"pk": 41, "model": "serie.episode", "fields": {"episode": 41, "description": "\"As above, so below.  The human being finds himself, or herself, in the middle.  There is as much space outside the human, proportionately, as inside.\n\n\"Stars, moons, and planets remind us of protons, neutrons, and electrons.  Is there a bigger being walking with all the stars within?  Does our thinking affect what goes on outside us, and what goes on inside us?  I think it does.\n\n\"Where does creamed corn figure into the workings of the universe?  What really *is* creamed corn?  Is it a symbol for something else?\"", "title": "Log Lady Introduction: Coma", "season": 1, "air_date": null, "title_en": "Log Lady Introduction: Coma", "description_en": "\"As above, so below.  The human being finds himself, or herself, in the middle.  There is as much space outside the human, proportionately, as inside.\n\n\"Stars, moons, and planets remind us of protons, neutrons, and electrons.  Is there a bigger being walking with all the stars within?  Does our thinking affect what goes on outside us, and what goes on inside us?  I think it does.\n\n\"Where does creamed corn figure into the workings of the universe?  What really *is* creamed corn?  Is it a symbol for something else?\"", "title_es": "Log Lady Introduction: Coma", "description_es": "\"As above, so below.  The human being finds himself, or herself, in the middle.  There is as much space outside the human, proportionately, as inside.\n\n\"Stars, moons, and planets remind us of protons, neutrons, and electrons.  Is there a bigger being walking with all the stars within?  Does our thinking affect what goes on outside us, and what goes on inside us?  I think it does.\n\n\"Where does creamed corn figure into the workings of the universe?  What really *is* creamed corn?  Is it a symbol for something else?\"", "modified_time": "2011-05-06", "poster": null, "created_time": "2011-05-06"}}, {"pk": 42, "model": "serie.episode", "fields": {"episode": 42, "description": "\"Letters are symbols.  They are building blocks of words which form our languages.  Languages help us communicate.  Even with complicated languages used by intelligent people, misunderstanding is a common occurrence.\n\n\"We write things down sometimes--letters, words--hoping they will serve us and those with whom we wish to communicate.  Letters and words, calling out for understanding.\"", "title": "Log Lady Introduction: The Man Behind the Glass", "season": 1, "air_date": null, "title_en": "Log Lady Introduction: The Man Behind the Glass", "description_en": "\"Letters are symbols.  They are building blocks of words which form our languages.  Languages help us communicate.  Even with complicated languages used by intelligent people, misunderstanding is a common occurrence.\n\n\"We write things down sometimes--letters, words--hoping they will serve us and those with whom we wish to communicate.  Letters and words, calling out for understanding.\"", "title_es": "Log Lady Introduction: The Man Behind the Glass", "description_es": "\"Letters are symbols.  They are building blocks of words which form our languages.  Languages help us communicate.  Even with complicated languages used by intelligent people, misunderstanding is a common occurrence.\n\n\"We write things down sometimes--letters, words--hoping they will serve us and those with whom we wish to communicate.  Letters and words, calling out for understanding.\"", "modified_time": "2011-05-06", "poster": null, "created_time": "2011-05-06"}}, {"pk": 43, "model": "serie.episode", "fields": {"episode": 43, "description": "\"Miscommunication sometimes leads to arguments, and arugments sometimes lead to fights.  Anger is usually present in arguments and fights.  Anger is an emotion, usually classified as a negative emotion.  Negative emotions can cause severe problems in our environment and to the health of our body.\n\n\"Happiness, usually classified as a positive emotion, can bring good health to our body, and spread positive vibrations into our environment.  Sometimes when we are ill, we are not on our best behavior.  By ill, I mean any of the following: physically ill, emotionally ill, mentally ill, and/or spiritually ill.\"", "title": "Log Lady Introduction: Laura's Secret Diary", "season": 1, "air_date": null, "title_en": "Log Lady Introduction: Laura's Secret Diary", "description_en": "\"Miscommunication sometimes leads to arguments, and arugments sometimes lead to fights.  Anger is usually present in arguments and fights.  Anger is an emotion, usually classified as a negative emotion.  Negative emotions can cause severe problems in our environment and to the health of our body.\n\n\"Happiness, usually classified as a positive emotion, can bring good health to our body, and spread positive vibrations into our environment.  Sometimes when we are ill, we are not on our best behavior.  By ill, I mean any of the following: physically ill, emotionally ill, mentally ill, and/or spiritually ill.\"", "title_es": "Log Lady Introduction: Laura's Secret Diary", "description_es": "\"Miscommunication sometimes leads to arguments, and arugments sometimes lead to fights.  Anger is usually present in arguments and fights.  Anger is an emotion, usually classified as a negative emotion.  Negative emotions can cause severe problems in our environment and to the health of our body.\n\n\"Happiness, usually classified as a positive emotion, can bring good health to our body, and spread positive vibrations into our environment.  Sometimes when we are ill, we are not on our best behavior.  By ill, I mean any of the following: physically ill, emotionally ill, mentally ill, and/or spiritually ill.\"", "modified_time": "2011-05-06", "poster": null, "created_time": "2011-05-06"}}, {"pk": 44, "model": "serie.episode", "fields": {"episode": 44, "description": "\"Sometimes nature plays tricks on us and we imagine we are something other than what we truly are.  Is this a key to life in general?  Or the case of the two-headed schizophrenic?  Both heads thought the other was following itself.  Finally, when one head wasn't looking, the other shot the other right between the eyes, and, of course, killed himself.\"", "title": "Log Lady Introduction: The Orchid's Curse", "season": 1, "air_date": null, "title_en": "Log Lady Introduction: The Orchid's Curse", "description_en": "\"Sometimes nature plays tricks on us and we imagine we are something other than what we truly are.  Is this a key to life in general?  Or the case of the two-headed schizophrenic?  Both heads thought the other was following itself.  Finally, when one head wasn't looking, the other shot the other right between the eyes, and, of course, killed himself.\"", "title_es": "Log Lady Introduction: The Orchid's Curse", "description_es": "\"Sometimes nature plays tricks on us and we imagine we are something other than what we truly are.  Is this a key to life in general?  Or the case of the two-headed schizophrenic?  Both heads thought the other was following itself.  Finally, when one head wasn't looking, the other shot the other right between the eyes, and, of course, killed himself.\"", "modified_time": "2011-05-06", "poster": null, "created_time": "2011-05-06"}}, {"pk": 45, "model": "serie.episode", "fields": {"episode": 45, "description": "\"Sometimes we want to hide from ourselves--we do not want to\nbe us--it is too difficult to be us.  It is at these times that we turn to drugs or alcohol or behavior to help us forget that we are ourselves.\n\n\"This of course is only a temporary solution to a problem which is going to keep returning, and sometimes these temporary solutions are worse for us than the original problem.\n\n\"Yes, it is a dilemma.  Is there an answer?  Of course there is: as a wise person said with a smile: 'The answer is within the question.'\"", "title": "Log Lady Introduction: Demons", "season": 1, "air_date": null, "title_en": "Log Lady Introduction: Demons", "description_en": "\"Sometimes we want to hide from ourselves--we do not want to\nbe us--it is too difficult to be us.  It is at these times that we turn to drugs or alcohol or behavior to help us forget that we are ourselves.\n\n\"This of course is only a temporary solution to a problem which is going to keep returning, and sometimes these temporary solutions are worse for us than the original problem.\n\n\"Yes, it is a dilemma.  Is there an answer?  Of course there is: as a wise person said with a smile: 'The answer is within the question.'\"", "title_es": "Log Lady Introduction: Demons", "description_es": "\"Sometimes we want to hide from ourselves--we do not want to\nbe us--it is too difficult to be us.  It is at these times that we turn to drugs or alcohol or behavior to help us forget that we are ourselves.\n\n\"This of course is only a temporary solution to a problem which is going to keep returning, and sometimes these temporary solutions are worse for us than the original problem.\n\n\"Yes, it is a dilemma.  Is there an answer?  Of course there is: as a wise person said with a smile: 'The answer is within the question.'\"", "modified_time": "2011-05-06", "poster": null, "created_time": "2011-05-06"}}, {"pk": 46, "model": "serie.episode", "fields": {"episode": 46, "description": "\"A poem as lovely as a tree:\n\nAs the night wind blows, the boughs move to and fro.\nThe rustling, the magic rustling that brings on the dark dream.\nThe dream of suffering and pain.\nPain for the victim, pain for the inflicter of pain.\nA circle of pain, a circle of suffering.\nWoe to the ones who behold the pale horse.\"", "title": "Log Lady Introduction: Lonely Souls", "season": 1, "air_date": null, "title_en": "Log Lady Introduction: Lonely Souls", "description_en": "\"A poem as lovely as a tree:\n\nAs the night wind blows, the boughs move to and fro.\nThe rustling, the magic rustling that brings on the dark dream.\nThe dream of suffering and pain.\nPain for the victim, pain for the inflicter of pain.\nA circle of pain, a circle of suffering.\nWoe to the ones who behold the pale horse.\"", "title_es": "Log Lady Introduction: Lonely Souls", "description_es": "\"A poem as lovely as a tree:\n\nAs the night wind blows, the boughs move to and fro.\nThe rustling, the magic rustling that brings on the dark dream.\nThe dream of suffering and pain.\nPain for the victim, pain for the inflicter of pain.\nA circle of pain, a circle of suffering.\nWoe to the ones who behold the pale horse.\"", "modified_time": "2011-05-06", "poster": null, "created_time": "2011-05-06"}}, {"pk": 47, "model": "serie.episode", "fields": {"episode": 47, "description": "\"Food is interesting.  For instance, why do we need to eat?  Why are we never satisfied with just the right amount of food to maintain good health and proper energy?  We always seem to want more and more.\n\n\"When eating too much, the proper balance is disturbed and ill health follows.  Of course, eating too little food throws the balance off in the opposite direction and there is the ill health coming at us again.\n\n\"Balance is the key.  Balance is the key to many things.  Do we understand balance?  The word 'balance' has seven letters. Seven is difficult to balance, but not impossible if we are able to divide.  There are, of course, the pros and cons of division.\"", "title": "Log Lady Introduction: Drive with a Dead Girl", "season": 1, "air_date": null, "title_en": "Log Lady Introduction: Drive with a Dead Girl", "description_en": "\"Food is interesting.  For instance, why do we need to eat?  Why are we never satisfied with just the right amount of food to maintain good health and proper energy?  We always seem to want more and more.\n\n\"When eating too much, the proper balance is disturbed and ill health follows.  Of course, eating too little food throws the balance off in the opposite direction and there is the ill health coming at us again.\n\n\"Balance is the key.  Balance is the key to many things.  Do we understand balance?  The word 'balance' has seven letters. Seven is difficult to balance, but not impossible if we are able to divide.  There are, of course, the pros and cons of division.\"", "title_es": "Log Lady Introduction: Drive with a Dead Girl", "description_es": "\"Food is interesting.  For instance, why do we need to eat?  Why are we never satisfied with just the right amount of food to maintain good health and proper energy?  We always seem to want more and more.\n\n\"When eating too much, the proper balance is disturbed and ill health follows.  Of course, eating too little food throws the balance off in the opposite direction and there is the ill health coming at us again.\n\n\"Balance is the key.  Balance is the key to many things.  Do we understand balance?  The word 'balance' has seven letters. Seven is difficult to balance, but not impossible if we are able to divide.  There are, of course, the pros and cons of division.\"", "modified_time": "2011-05-06", "poster": null, "created_time": "2011-05-06"}}, {"pk": 48, "model": "serie.episode", "fields": {"episode": 48, "description": "\"So now the sadness comes--the revelation.  There is a depression after an answer is given.  It was almost fun not knowing.  Yes, now we know.  At least we know what we sought in the beginning.\n\n\"But there is still the question: why?  And this question will go on and on until the final answer comes.  Then the knowing is so full, there is no room for questions.\"", "title": "Log Lady Introduction: Arbitrary Law", "season": 1, "air_date": null, "title_en": "Log Lady Introduction: Arbitrary Law", "description_en": "\"So now the sadness comes--the revelation.  There is a depression after an answer is given.  It was almost fun not knowing.  Yes, now we know.  At least we know what we sought in the beginning.\n\n\"But there is still the question: why?  And this question will go on and on until the final answer comes.  Then the knowing is so full, there is no room for questions.\"", "title_es": "Log Lady Introduction: Arbitrary Law", "description_es": "\"So now the sadness comes--the revelation.  There is a depression after an answer is given.  It was almost fun not knowing.  Yes, now we know.  At least we know what we sought in the beginning.\n\n\"But there is still the question: why?  And this question will go on and on until the final answer comes.  Then the knowing is so full, there is no room for questions.\"", "modified_time": "2011-05-06", "poster": null, "created_time": "2011-05-06"}}, {"pk": 49, "model": "serie.episode", "fields": {"episode": 49, "description": "\"Complications set in--yes, complications.  How many times have we heard: 'it's simple'.  Nothing is simple.  We live in a world where nothing is simple.  Each day, just when we think we have a handle on things, suddenly some new element is introduced and everything is complicated once again.\n\n\"What is the secret?  What is the secret to simplicity, to the pure and simple life?  Are our appetites, our desires undermining us?  Is the cart in front of the horse?\"", "title": "Log Lady Introduction: Dispute Between Brothers", "season": 1, "air_date": null, "title_en": "Log Lady Introduction: Dispute Between Brothers", "description_en": "\"Complications set in--yes, complications.  How many times have we heard: 'it's simple'.  Nothing is simple.  We live in a world where nothing is simple.  Each day, just when we think we have a handle on things, suddenly some new element is introduced and everything is complicated once again.\n\n\"What is the secret?  What is the secret to simplicity, to the pure and simple life?  Are our appetites, our desires undermining us?  Is the cart in front of the horse?\"", "title_es": "Log Lady Introduction: Dispute Between Brothers", "description_es": "\"Complications set in--yes, complications.  How many times have we heard: 'it's simple'.  Nothing is simple.  We live in a world where nothing is simple.  Each day, just when we think we have a handle on things, suddenly some new element is introduced and everything is complicated once again.\n\n\"What is the secret?  What is the secret to simplicity, to the pure and simple life?  Are our appetites, our desires undermining us?  Is the cart in front of the horse?\"", "modified_time": "2011-05-06", "poster": null, "created_time": "2011-05-06"}}, {"pk": 50, "model": "serie.episode", "fields": {"episode": 50, "description": "\"Is life like a game of chess?  Are our present moves important for future success?  I think so.  We paint our future with every present brush stroke.\n\n\"Painting.  Colors.  Shapes.  Textures.  Composition.  Repetition of shapes.  Contrast.  Let nature guide us.  Nature is the great teacher.  Who is the principal?\n\n\"Sometimes jokes are welcome.  Like the one about the kid who said: 'I enjoyed school.  It was just the principal of the thing.'\"", "title": "Log Lady Introduction: Masked Ball", "season": 1, "air_date": null, "title_en": "Log Lady Introduction: Masked Ball", "description_en": "\"Is life like a game of chess?  Are our present moves important for future success?  I think so.  We paint our future with every present brush stroke.\n\n\"Painting.  Colors.  Shapes.  Textures.  Composition.  Repetition of shapes.  Contrast.  Let nature guide us.  Nature is the great teacher.  Who is the principal?\n\n\"Sometimes jokes are welcome.  Like the one about the kid who said: 'I enjoyed school.  It was just the principal of the thing.'\"", "title_es": "Log Lady Introduction: Masked Ball", "description_es": "\"Is life like a game of chess?  Are our present moves important for future success?  I think so.  We paint our future with every present brush stroke.\n\n\"Painting.  Colors.  Shapes.  Textures.  Composition.  Repetition of shapes.  Contrast.  Let nature guide us.  Nature is the great teacher.  Who is the principal?\n\n\"Sometimes jokes are welcome.  Like the one about the kid who said: 'I enjoyed school.  It was just the principal of the thing.'\"", "modified_time": "2011-05-06", "poster": null, "created_time": "2011-05-06"}}, {"pk": 51, "model": "serie.episode", "fields": {"episode": 51, "description": "\"Is a dog man's best friend?  I had a dog.  The dog was large.  It ate my garden, all the plants, and much earth.  The dog ate so much earth it died.  Its body went back to the earth.  I have a memory of this dog.  The memory is all that I have left of my dog.  He was black--and white.\"", "title": "Log Lady Introduction: The Black Widow", "season": 1, "air_date": null, "title_en": "Log Lady Introduction: The Black Widow", "description_en": "\"Is a dog man's best friend?  I had a dog.  The dog was large.  It ate my garden, all the plants, and much earth.  The dog ate so much earth it died.  Its body went back to the earth.  I have a memory of this dog.  The memory is all that I have left of my dog.  He was black--and white.\"", "title_es": "Log Lady Introduction: The Black Widow", "description_es": "\"Is a dog man's best friend?  I had a dog.  The dog was large.  It ate my garden, all the plants, and much earth.  The dog ate so much earth it died.  Its body went back to the earth.  I have a memory of this dog.  The memory is all that I have left of my dog.  He was black--and white.\"", "modified_time": "2011-05-06", "poster": null, "created_time": "2011-05-06"}}, {"pk": 52, "model": "serie.episode", "fields": {"episode": 52, "description": "\"My husband died in a fire.  No one can know my sorrow.  My love is gone.  Yet, I feel him near me.  Sometimes I can almost see him.  At night when the wind blows, I think of what he might have been.  Again I wonder: why?\n\n\"When I see a fire, I feel my anger rising.  This was not a friendly fire.  This was not a forest fire.  It was a fire *in the woods*.  This is all I am permitted to say.\"", "title": "Log Lady Introduction: Checkmate", "season": 1, "air_date": null, "title_en": "Log Lady Introduction: Checkmate", "description_en": "\"My husband died in a fire.  No one can know my sorrow.  My love is gone.  Yet, I feel him near me.  Sometimes I can almost see him.  At night when the wind blows, I think of what he might have been.  Again I wonder: why?\n\n\"When I see a fire, I feel my anger rising.  This was not a friendly fire.  This was not a forest fire.  It was a fire *in the woods*.  This is all I am permitted to say.\"", "title_es": "Log Lady Introduction: Checkmate", "description_es": "\"My husband died in a fire.  No one can know my sorrow.  My love is gone.  Yet, I feel him near me.  Sometimes I can almost see him.  At night when the wind blows, I think of what he might have been.  Again I wonder: why?\n\n\"When I see a fire, I feel my anger rising.  This was not a friendly fire.  This was not a forest fire.  It was a fire *in the woods*.  This is all I am permitted to say.\"", "modified_time": "2011-05-06", "poster": null, "created_time": "2011-05-06"}}, {"pk": 53, "model": "serie.episode", "fields": {"episode": 53, "description": "\"The heart--it is a physical organ, we all know.  But how much more an emotional organ--this we also know.  Love, like blood, flows from the heart.  Are blood and love related?  Does a heart pump blood as it pumps love?  Is love the blood of the universe?\"", "title": "Log Lady Introduction: Double Play", "season": 1, "air_date": null, "title_en": "Log Lady Introduction: Double Play", "description_en": "\"The heart--it is a physical organ, we all know.  But how much more an emotional organ--this we also know.  Love, like blood, flows from the heart.  Are blood and love related?  Does a heart pump blood as it pumps love?  Is love the blood of the universe?\"", "title_es": "Log Lady Introduction: Double Play", "description_es": "\"The heart--it is a physical organ, we all know.  But how much more an emotional organ--this we also know.  Love, like blood, flows from the heart.  Are blood and love related?  Does a heart pump blood as it pumps love?  Is love the blood of the universe?\"", "modified_time": "2011-05-06", "poster": null, "created_time": "2011-05-06"}}, {"pk": 54, "model": "serie.episode", "fields": {"episode": 54, "description": "\"A death mask.  Is there a reason for a death mask?  It is barely a physical resemblance--in death, the muscles so relaxed, the face so without the animating spark.  A death mask is almost an intrusion on a beautiful memory.  And yet, who could throw away the casting of a loved one?  Who would not want to study it longingly, as the distance freight train blows its mournful tone?\"", "title": "Log Lady Introduction: Slaves and Masters", "season": 1, "air_date": null, "title_en": "Log Lady Introduction: Slaves and Masters", "description_en": "\"A death mask.  Is there a reason for a death mask?  It is barely a physical resemblance--in death, the muscles so relaxed, the face so without the animating spark.  A death mask is almost an intrusion on a beautiful memory.  And yet, who could throw away the casting of a loved one?  Who would not want to study it longingly, as the distance freight train blows its mournful tone?\"", "title_es": "Log Lady Introduction: Slaves and Masters", "description_es": "\"A death mask.  Is there a reason for a death mask?  It is barely a physical resemblance--in death, the muscles so relaxed, the face so without the animating spark.  A death mask is almost an intrusion on a beautiful memory.  And yet, who could throw away the casting of a loved one?  Who would not want to study it longingly, as the distance freight train blows its mournful tone?\"", "modified_time": "2011-05-06", "poster": null, "created_time": "2011-05-06"}}, {"pk": 55, "model": "serie.episode", "fields": {"episode": 55, "description": "\"A hotel.  A nightstand.  A drawer pull on the drawer.  A drawer pull of a nightstand in the room of a hotel.  What could possibly be happening on or in this drawer pull?  How many drawer pulls exist in this world?  Thousands, maybe millions.\n\n\"What is a drawer pull?  This drawer pull--why is it featured so prominently in a life or in a death of one woman who was caught in a web of power?  Can a victim of power end in any way connected to a drawer pull?  How can this be?\"", "title": "Log Lady Introduction: The Condemned Woman", "season": 1, "air_date": null, "title_en": "Log Lady Introduction: The Condemned Woman", "description_en": "\"A hotel.  A nightstand.  A drawer pull on the drawer.  A drawer pull of a nightstand in the room of a hotel.  What could possibly be happening on or in this drawer pull?  How many drawer pulls exist in this world?  Thousands, maybe millions.\n\n\"What is a drawer pull?  This drawer pull--why is it featured so prominently in a life or in a death of one woman who was caught in a web of power?  Can a victim of power end in any way connected to a drawer pull?  How can this be?\"", "title_es": "Log Lady Introduction: The Condemned Woman", "description_es": "\"A hotel.  A nightstand.  A drawer pull on the drawer.  A drawer pull of a nightstand in the room of a hotel.  What could possibly be happening on or in this drawer pull?  How many drawer pulls exist in this world?  Thousands, maybe millions.\n\n\"What is a drawer pull?  This drawer pull--why is it featured so prominently in a life or in a death of one woman who was caught in a web of power?  Can a victim of power end in any way connected to a drawer pull?  How can this be?\"", "modified_time": "2011-05-06", "poster": null, "created_time": "2011-05-06"}}, {"pk": 56, "model": "serie.episode", "fields": {"episode": 56, "description": "\"Sometimes--well, let's say all times--things are changing.  We are judged as human beings on how we treat our fellow human beings.  How do you treat your fellow human beings?  At night, just before sleep, as you lay by yourself in the dark, how do you feel about yourself?  Are you proud of your behavior?  Are you ashamed of your behavior?  You know in your heart if you have hurt someone--you know.  If you have hurt someone, don't wait another day before making things right.  The world could break apart with sadness in the meantime.\"", "title": "Log Lady Introduction: Wounds and Scars", "season": 1, "air_date": null, "title_en": "Log Lady Introduction: Wounds and Scars", "description_en": "\"Sometimes--well, let's say all times--things are changing.  We are judged as human beings on how we treat our fellow human beings.  How do you treat your fellow human beings?  At night, just before sleep, as you lay by yourself in the dark, how do you feel about yourself?  Are you proud of your behavior?  Are you ashamed of your behavior?  You know in your heart if you have hurt someone--you know.  If you have hurt someone, don't wait another day before making things right.  The world could break apart with sadness in the meantime.\"", "title_es": "Log Lady Introduction: Wounds and Scars", "description_es": "\"Sometimes--well, let's say all times--things are changing.  We are judged as human beings on how we treat our fellow human beings.  How do you treat your fellow human beings?  At night, just before sleep, as you lay by yourself in the dark, how do you feel about yourself?  Are you proud of your behavior?  Are you ashamed of your behavior?  You know in your heart if you have hurt someone--you know.  If you have hurt someone, don't wait another day before making things right.  The world could break apart with sadness in the meantime.\"", "modified_time": "2011-05-06", "poster": null, "created_time": "2011-05-06"}}, {"pk": 57, "model": "serie.episode", "fields": {"episode": 57, "description": "\"The beautiful thing about treasure is that it exists.  It exists to be found.  How beautiful it is to find treasure.  Where is the treasure, that when found, leaves one eternally happy?  I think we all know it exists.  Some say it is inside us--inside us one and all.  That would be strange.  It would be so near.  Then why is it so hard to find, and so difficult to attain?\"", "title": "Log Lady Introduction: On the Wings of Love", "season": 1, "air_date": null, "title_en": "Log Lady Introduction: On the Wings of Love", "description_en": "\"The beautiful thing about treasure is that it exists.  It exists to be found.  How beautiful it is to find treasure.  Where is the treasure, that when found, leaves one eternally happy?  I think we all know it exists.  Some say it is inside us--inside us one and all.  That would be strange.  It would be so near.  Then why is it so hard to find, and so difficult to attain?\"", "title_es": "Log Lady Introduction: On the Wings of Love", "description_es": "\"The beautiful thing about treasure is that it exists.  It exists to be found.  How beautiful it is to find treasure.  Where is the treasure, that when found, leaves one eternally happy?  I think we all know it exists.  Some say it is inside us--inside us one and all.  That would be strange.  It would be so near.  Then why is it so hard to find, and so difficult to attain?\"", "modified_time": "2011-05-06", "poster": null, "created_time": "2011-05-06"}}, {"pk": 58, "model": "serie.episode", "fields": {"episode": 58, "description": "\"Pie.  Whoever invented the pie?  Here was a great person.  In Twin Peaks, we specialize in cherry pie and huckleberry pie.  We do have many other types of pie, and at the Double R Diner, Norma knows how to make them all better than anyone I have ever known.\n\n\"I hope Norma likes me.  I know I like her and respect her.  I have spit my pitch gum out of my mouth onto her walls and floors and sometimes onto her booths.  Sometimes I get angry and do things I'm not proud of.  I do love Norma's pies.  I love pie *with* coffee.\"", "title": "Log Lady Introduction: Variations and Relations", "season": 1, "air_date": null, "title_en": "Log Lady Introduction: Variations and Relations", "description_en": "\"Pie.  Whoever invented the pie?  Here was a great person.  In Twin Peaks, we specialize in cherry pie and huckleberry pie.  We do have many other types of pie, and at the Double R Diner, Norma knows how to make them all better than anyone I have ever known.\n\n\"I hope Norma likes me.  I know I like her and respect her.  I have spit my pitch gum out of my mouth onto her walls and floors and sometimes onto her booths.  Sometimes I get angry and do things I'm not proud of.  I do love Norma's pies.  I love pie *with* coffee.\"", "title_es": "Log Lady Introduction: Variations and Relations", "description_es": "\"Pie.  Whoever invented the pie?  Here was a great person.  In Twin Peaks, we specialize in cherry pie and huckleberry pie.  We do have many other types of pie, and at the Double R Diner, Norma knows how to make them all better than anyone I have ever known.\n\n\"I hope Norma likes me.  I know I like her and respect her.  I have spit my pitch gum out of my mouth onto her walls and floors and sometimes onto her booths.  Sometimes I get angry and do things I'm not proud of.  I do love Norma's pies.  I love pie *with* coffee.\"", "modified_time": "2011-05-06", "poster": null, "created_time": "2011-05-06"}}, {"pk": 59, "model": "serie.episode", "fields": {"episode": 59, "description": "\"There are clues everywhere--all around us.  But the puzzle maker is clever.  The clues, although surrounding us, are somehow mistaken for something else.  And the something else--the *wrong* interpretation of the clues--we call our world.  Our world is a magical smoke screen.  How should we interpret the happy song of the meadowlark, or the robust flavor of a wild strawberry?\"", "title": "Log Lady Introduction: The Path to the Black Lodge", "season": 1, "air_date": null, "title_en": "Log Lady Introduction: The Path to the Black Lodge", "description_en": "\"There are clues everywhere--all around us.  But the puzzle maker is clever.  The clues, although surrounding us, are somehow mistaken for something else.  And the something else--the *wrong* interpretation of the clues--we call our world.  Our world is a magical smoke screen.  How should we interpret the happy song of the meadowlark, or the robust flavor of a wild strawberry?\"", "title_es": "Log Lady Introduction: The Path to the Black Lodge", "description_es": "\"There are clues everywhere--all around us.  But the puzzle maker is clever.  The clues, although surrounding us, are somehow mistaken for something else.  And the something else--the *wrong* interpretation of the clues--we call our world.  Our world is a magical smoke screen.  How should we interpret the happy song of the meadowlark, or the robust flavor of a wild strawberry?\"", "modified_time": "2011-05-06", "poster": null, "created_time": "2011-05-06"}}, {"pk": 60, "model": "serie.episode", "fields": {"episode": 60, "description": "(Holding log directly in front of her, instead of the usual position cradled in her arms.)\n\n\"A log is a portion of a tree.  (Turning end of log to camera.)  At the end of a crosscut log--many of you know this--there are rings.  Each ring represents one year in the life of the tree.  How long it takes to a grow a tree!\n\n\"I don't mind telling you some things.  Many things I, I musn't say.  Just notice that my fireplace is boarded up.  (She glances over her right shoulder at the fireplace and the camera moves over to it, where we see the opening covered by plywood.)  There will never be a fire there.\n\n\"On the mantelpiece, in that jar, are some of the ashes of my husband.  (Camera pans up to the mantel where we see a vase, a pipe stand, and some old pictures--none recognizable.)\n\n(Camera pans back down to Log Lady.)  \"My log hears things I cannot hear.  But my log tells me about the sounds, about the new words.  Even though it has stopped growing larger, my log is aware.\"", "title": "Log Lady Introduction: Miss Twin Peaks", "season": 1, "air_date": null, "title_en": "Log Lady Introduction: Miss Twin Peaks", "description_en": "(Holding log directly in front of her, instead of the usual position cradled in her arms.)\n\n\"A log is a portion of a tree.  (Turning end of log to camera.)  At the end of a crosscut log--many of you know this--there are rings.  Each ring represents one year in the life of the tree.  How long it takes to a grow a tree!\n\n\"I don't mind telling you some things.  Many things I, I musn't say.  Just notice that my fireplace is boarded up.  (She glances over her right shoulder at the fireplace and the camera moves over to it, where we see the opening covered by plywood.)  There will never be a fire there.\n\n\"On the mantelpiece, in that jar, are some of the ashes of my husband.  (Camera pans up to the mantel where we see a vase, a pipe stand, and some old pictures--none recognizable.)\n\n(Camera pans back down to Log Lady.)  \"My log hears things I cannot hear.  But my log tells me about the sounds, about the new words.  Even though it has stopped growing larger, my log is aware.\"", "title_es": "Log Lady Introduction: Miss Twin Peaks", "description_es": "(Holding log directly in front of her, instead of the usual position cradled in her arms.)\n\n\"A log is a portion of a tree.  (Turning end of log to camera.)  At the end of a crosscut log--many of you know this--there are rings.  Each ring represents one year in the life of the tree.  How long it takes to a grow a tree!\n\n\"I don't mind telling you some things.  Many things I, I musn't say.  Just notice that my fireplace is boarded up.  (She glances over her right shoulder at the fireplace and the camera moves over to it, where we see the opening covered by plywood.)  There will never be a fire there.\n\n\"On the mantelpiece, in that jar, are some of the ashes of my husband.  (Camera pans up to the mantel where we see a vase, a pipe stand, and some old pictures--none recognizable.)\n\n(Camera pans back down to Log Lady.)  \"My log hears things I cannot hear.  But my log tells me about the sounds, about the new words.  Even though it has stopped growing larger, my log is aware.\"", "modified_time": "2011-05-06", "poster": null, "created_time": "2011-05-06"}}, {"pk": 61, "model": "serie.episode", "fields": {"episode": 61, "description": "\"And now, an ending.  Where there was once one, there are now two.  Or were there always two?\n\n\"What is a reflection?  A chance to see two?  When there are chances for reflections, there can always be two--or more.  Only when we are everywhere will there be just one.\n\n\"It has been a pleasure speaking to you.\"\n\n(Throughout the above, the camera has been slowing zooming in until only the Log Lady's face is framed.  As she finishes speaking, the camera continues to zoom in.  As it gets closer and closer, the Log Lady looks nervously up, down, and to her left, before staring straight ahead as the camera moves in through her left (our right) glass frame.  As the iris of her left eye fills the screen, the screen turns completely white, then we hear a hissing sound, and then a 'door slamming' sound as the screen turns from white to black.)", "title": "Log Lady Introduction: Beyond Life and Death", "season": 1, "air_date": null, "title_en": "Log Lady Introduction: Beyond Life and Death", "description_en": "\"And now, an ending.  Where there was once one, there are now two.  Or were there always two?\n\n\"What is a reflection?  A chance to see two?  When there are chances for reflections, there can always be two--or more.  Only when we are everywhere will there be just one.\n\n\"It has been a pleasure speaking to you.\"\n\n(Throughout the above, the camera has been slowing zooming in until only the Log Lady's face is framed.  As she finishes speaking, the camera continues to zoom in.  As it gets closer and closer, the Log Lady looks nervously up, down, and to her left, before staring straight ahead as the camera moves in through her left (our right) glass frame.  As the iris of her left eye fills the screen, the screen turns completely white, then we hear a hissing sound, and then a 'door slamming' sound as the screen turns from white to black.)", "title_es": "Log Lady Introduction: Beyond Life and Death", "description_es": "\"And now, an ending.  Where there was once one, there are now two.  Or were there always two?\n\n\"What is a reflection?  A chance to see two?  When there are chances for reflections, there can always be two--or more.  Only when we are everywhere will there be just one.\n\n\"It has been a pleasure speaking to you.\"\n\n(Throughout the above, the camera has been slowing zooming in until only the Log Lady's face is framed.  As she finishes speaking, the camera continues to zoom in.  As it gets closer and closer, the Log Lady looks nervously up, down, and to her left, before staring straight ahead as the camera moves in through her left (our right) glass frame.  As the iris of her left eye fills the screen, the screen turns completely white, then we hear a hissing sound, and then a 'door slamming' sound as the screen turns from white to black.)", "modified_time": "2011-05-06", "poster": null, "created_time": "2011-05-06"}}, {"pk": 62, "model": "serie.episode", "fields": {"episode": 62, "description": "Not available", "title": "1-900 Hotline: Message 1", "season": 1, "air_date": null, "title_en": "1-900 Hotline: Message 1", "description_en": "Not available", "title_es": "1-900 Hotline: Message 1", "description_es": "No disponible", "modified_time": "2011-05-06", "poster": null, "created_time": "2011-05-06"}}, {"pk": 63, "model": "serie.episode", "fields": {"episode": 63, "description": "Not available", "title": "1-900 Hotline: Message 2", "season": 1, "air_date": null, "title_en": "1-900 Hotline: Message 2", "description_en": "Not available", "title_es": "1-900 Hotline: Message 2", "description_es": "No disponible", "modified_time": "2011-05-06", "poster": null, "created_time": "2011-05-06"}}, {"pk": 64, "model": "serie.episode", "fields": {"episode": 64, "description": "Not available", "title": "1-900 Hotline: Message 3", "season": 1, "air_date": null, "title_en": "1-900 Hotline: Message 3", "description_en": "Not available", "title_es": "1-900 Hotline: Message 3", "description_es": "No disponible", "modified_time": "2011-05-06", "poster": null, "created_time": "2011-05-06"}}, {"pk": 65, "model": "serie.episode", "fields": {"episode": 65, "description": "Not available", "title": "1-900 Hotline: Message 4", "season": 1, "air_date": null, "title_en": "1-900 Hotline: Message 4", "description_en": "Not available", "title_es": "1-900 Hotline: Message 4", "description_es": "No disponible", "modified_time": "2011-05-06", "poster": null, "created_time": "2011-05-06"}}, {"pk": 66, "model": "serie.episode", "fields": {"episode": 66, "description": "Not available", "title": "1-900 Hotline: Message 5", "season": 1, "air_date": null, "title_en": "1-900 Hotline: Message 5", "description_en": "Not available", "title_es": "1-900 Hotline: Message 5", "description_es": "No disponible", "modified_time": "2011-05-06", "poster": null, "created_time": "2011-05-06"}}, {"pk": 67, "model": "serie.episode", "fields": {"episode": 67, "description": "Not available", "title": "1-900 Hotline: Message 6", "season": 1, "air_date": null, "title_en": "1-900 Hotline: Message 6", "description_en": "Not available", "title_es": "1-900 Hotline: Message 6", "description_es": "No disponible", "modified_time": "2011-05-06", "poster": null, "created_time": "2011-05-06"}}, {"pk": 68, "model": "serie.episode", "fields": {"episode": 68, "description": "Not available", "title": "1-900 Hotline: Message 7", "season": 1, "air_date": null, "title_en": "1-900 Hotline: Message 7", "description_en": "Not available", "title_es": "1-900 Hotline: Message 7", "description_es": "No disponible", "modified_time": "2011-05-06", "poster": null, "created_time": "2011-05-06"}}, {"pk": 69, "model": "serie.episode", "fields": {"episode": 69, "description": "Not available", "title": "1-900 Hotline: Message 8", "season": 1, "air_date": null, "title_en": "1-900 Hotline: Message 8", "description_en": "Not available", "title_es": "1-900 Hotline: Message 8", "description_es": "No disponible", "modified_time": "2011-05-06", "poster": null, "created_time": "2011-05-06"}}, {"pk": 70, "model": "serie.episode", "fields": {"episode": 70, "description": "Not available", "title": "Caleb Deschanel Interview", "season": 1, "air_date": null, "title_en": "Caleb Deschanel Interview", "description_en": "Not available", "title_es": "Caleb Deschanel Interview", "description_es": "No disponible", "modified_time": "2011-05-06", "poster": null, "created_time": "2011-05-06"}}, {"pk": 71, "model": "serie.episode", "fields": {"episode": 71, "description": "Not available", "title": "Twin Peaks Festival - Interactive Map: Double R Diner", "season": 1, "air_date": null, "title_en": "Twin Peaks Festival - Interactive Map: Double R Diner", "description_en": "Not available", "title_es": "Twin Peaks Festival - Interactive Map: Double R Diner", "description_es": "No disponible", "modified_time": "2011-05-06", "poster": null, "created_time": "2011-05-06"}}, {"pk": 72, "model": "serie.episode", "fields": {"episode": 72, "description": "Not available", "title": "Twin Peaks Festival - Interactive Map: Laura's Log", "season": 1, "air_date": null, "title_en": "Twin Peaks Festival - Interactive Map: Laura's Log", "description_en": "Not available", "title_es": "Twin Peaks Festival - Interactive Map: Laura's Log", "description_es": "No disponible", "modified_time": "2011-05-06", "poster": null, "created_time": "2011-05-06"}}, {"pk": 73, "model": "serie.episode", "fields": {"episode": 73, "description": "Not available", "title": "Twin Peaks Festival - Interactive Map: Packard Lodge", "season": 1, "air_date": null, "title_en": "Twin Peaks Festival - Interactive Map: Packard Lodge", "description_en": "Not available", "title_es": "Twin Peaks Festival - Interactive Map: Packard Lodge", "description_es": "No disponible", "modified_time": "2011-05-06", "poster": null, "created_time": "2011-05-06"}}, {"pk": 74, "model": "serie.episode", "fields": {"episode": 74, "description": "Not available", "title": "Twin Peaks Festival - Interactive Map: Packard Saw Mill/Sheriff Station", "season": 1, "air_date": null, "title_en": "Twin Peaks Festival - Interactive Map: Packard Saw Mill/Sheriff Station", "description_en": "Not available", "title_es": "Twin Peaks Festival - Interactive Map: Packard Saw Mill/Sheriff Station", "description_es": "No disponible", "modified_time": "2011-05-06", "poster": null, "created_time": "2011-05-06"}}, {"pk": 75, "model": "serie.episode", "fields": {"episode": 75, "description": "Not available", "title": "Twin Peaks Festival - Interactive Map: Ronett's Bridge", "season": 1, "air_date": null, "title_en": "Twin Peaks Festival - Interactive Map: Ronett's Bridge", "description_en": "Not available", "title_es": "Twin Peaks Festival - Interactive Map: Ronett's Bridge", "description_es": "No disponible", "modified_time": "2011-05-06", "poster": null, "created_time": "2011-05-06"}}, {"pk": 76, "model": "serie.episode", "fields": {"episode": 76, "description": "Not available", "title": "Twin Peaks Festival - Interactive Map: The Great Northern", "season": 1, "air_date": null, "title_en": "Twin Peaks Festival - Interactive Map: The Great Northern", "description_en": "Not available", "title_es": "Twin Peaks Festival - Interactive Map: The Great Northern", "description_es": "No disponible", "modified_time": "2011-05-06", "poster": null, "created_time": "2011-05-06"}}, {"pk": 77, "model": "serie.episode", "fields": {"episode": 77, "description": "Not available", "title": "Twin Peaks Festival - Interactive Map: The Roadhouse", "season": 1, "air_date": null, "title_en": "Twin Peaks Festival - Interactive Map: The Roadhouse", "description_en": "Not available", "title_es": "Twin Peaks Festival - Interactive Map: The Roadhouse", "description_es": "No disponible", "modified_time": "2011-05-06", "poster": null, "created_time": "2011-05-06"}}, {"pk": 78, "model": "serie.episode", "fields": {"episode": 78, "description": "Not available", "title": "Twin Peaks Festival - Interactive Map: Town Sign", "season": 1, "air_date": null, "title_en": "Twin Peaks Festival - Interactive Map: Town Sign", "description_en": "Not available", "title_es": "Twin Peaks Festival - Interactive Map: Town Sign", "description_es": "No disponible", "modified_time": "2011-05-06", "poster": null, "created_time": "2011-05-06"}}, {"pk": 79, "model": "serie.episode", "fields": {"episode": 79, "description": "Not available", "title": "", "season": 1, "air_date": null, "title_en": null, "description_en": "Not available", "title_es": null, "description_es": "No disponible", "modified_time": "2011-05-06", "poster": null, "created_time": "2011-05-06"}}, {"pk": 80, "model": "serie.episode", "fields": {"episode": 80, "description": "Not available", "title": "", "season": 1, "air_date": null, "title_en": null, "description_en": "Not available", "title_es": null, "description_es": "No disponible", "modified_time": "2011-05-06", "poster": null, "created_time": "2011-05-06"}}, {"pk": 81, "model": "serie.episode", "fields": {"episode": 81, "description": "Not available", "title": "", "season": 1, "air_date": null, "title_en": null, "description_en": "Not available", "title_es": null, "description_es": "No disponible", "modified_time": "2011-05-06", "poster": null, "created_time": "2011-05-06"}}, {"pk": 82, "model": "serie.episode", "fields": {"episode": 82, "description": "Not available", "title": "", "season": 1, "air_date": null, "title_en": null, "description_en": "Not available", "title_es": null, "description_es": "No disponible", "modified_time": "2011-05-06", "poster": null, "created_time": "2011-05-06"}}, {"pk": 83, "model": "serie.episode", "fields": {"episode": 83, "description": "Not available", "title": "", "season": 1, "air_date": null, "title_en": null, "description_en": "Not available", "title_es": null, "description_es": "No disponible", "modified_time": "2011-05-06", "poster": null, "created_time": "2011-05-06"}}, {"pk": 84, "model": "serie.episode", "fields": {"episode": 84, "description": "Not available", "title": "", "season": 1, "air_date": null, "title_en": null, "description_en": "Not available", "title_es": null, "description_es": "No disponible", "modified_time": "2011-05-06", "poster": null, "created_time": "2011-05-06"}}, {"pk": 85, "model": "serie.episode", "fields": {"episode": 85, "description": "Not available", "title": "", "season": 1, "air_date": null, "title_en": null, "description_en": "Not available", "title_es": null, "description_es": "No disponible", "modified_time": "2011-05-06", "poster": null, "created_time": "2011-05-06"}}, {"pk": 86, "model": "serie.episode", "fields": {"episode": 86, "description": "Not available", "title": "", "season": 1, "air_date": null, "title_en": null, "description_en": "Not available", "title_es": null, "description_es": "No disponible", "modified_time": "2011-05-06", "poster": null, "created_time": "2011-05-06"}}, {"pk": 87, "model": "serie.episode", "fields": {"episode": 87, "description": "Not available", "title": "", "season": 1, "air_date": null, "title_en": null, "description_en": "Not available", "title_es": null, "description_es": "No disponible", "modified_time": "2011-05-06", "poster": null, "created_time": "2011-05-06"}}, {"pk": 88, "model": "serie.episode", "fields": {"episode": 88, "description": "Not available", "title": "", "season": 1, "air_date": null, "title_en": null, "description_en": "Not available", "title_es": null, "description_es": "No disponible", "modified_time": "2011-05-06", "poster": null, "created_time": "2011-05-06"}}, {"pk": 89, "model": "serie.episode", "fields": {"episode": 89, "description": "Not available", "title": "", "season": 1, "air_date": null, "title_en": null, "description_en": "Not available", "title_es": null, "description_es": "No disponible", "modified_time": "2011-05-06", "poster": null, "created_time": "2011-05-06"}}, {"pk": 90, "model": "serie.episode", "fields": {"episode": 90, "description": "Not available", "title": "", "season": 1, "air_date": null, "title_en": null, "description_en": "Not available", "title_es": null, "description_es": "No disponible", "modified_time": "2011-05-06", "poster": null, "created_time": "2011-05-06"}}, {"pk": 91, "model": "serie.episode", "fields": {"episode": 91, "description": "Not available", "title": "", "season": 1, "air_date": null, "title_en": null, "description_en": "Not available", "title_es": null, "description_es": "No disponible", "modified_time": "2011-05-06", "poster": null, "created_time": "2011-05-06"}}, {"pk": 92, "model": "serie.episode", "fields": {"episode": 92, "description": "Not available", "title": "", "season": 1, "air_date": null, "title_en": null, "description_en": "Not available", "title_es": null, "description_es": "No disponible", "modified_time": "2011-05-06", "poster": null, "created_time": "2011-05-06"}}, {"pk": 93, "model": "serie.episode", "fields": {"episode": 93, "description": "Not available", "title": "", "season": 1, "air_date": null, "title_en": null, "description_en": "Not available", "title_es": null, "description_es": "No disponible", "modified_time": "2011-05-06", "poster": null, "created_time": "2011-05-06"}}, {"pk": 94, "model": "serie.episode", "fields": {"episode": 94, "description": "Not available", "title": "", "season": 1, "air_date": null, "title_en": null, "description_en": "Not available", "title_es": null, "description_es": "No disponible", "modified_time": "2011-05-06", "poster": null, "created_time": "2011-05-06"}}, {"pk": 95, "model": "serie.episode", "fields": {"episode": 95, "description": "Not available", "title": "", "season": 1, "air_date": null, "title_en": null, "description_en": "Not available", "title_es": null, "description_es": "No disponible", "modified_time": "2011-05-06", "poster": null, "created_time": "2011-05-06"}}, {"pk": 96, "model": "serie.episode", "fields": {"episode": 96, "description": "Not available", "title": "", "season": 1, "air_date": null, "title_en": null, "description_en": "Not available", "title_es": null, "description_es": "No disponible", "modified_time": "2011-05-06", "poster": null, "created_time": "2011-05-06"}}, {"pk": 97, "model": "serie.episode", "fields": {"episode": 97, "description": "Not available", "title": "", "season": 1, "air_date": null, "title_en": null, "description_en": "Not available", "title_es": null, "description_es": "No disponible", "modified_time": "2011-05-06", "poster": null, "created_time": "2011-05-06"}}, {"pk": 98, "model": "serie.episode", "fields": {"episode": 98, "description": "Not available", "title": "", "season": 1, "air_date": null, "title_en": null, "description_en": "Not available", "title_es": null, "description_es": "No disponible", "modified_time": "2011-05-06", "poster": null, "created_time": "2011-05-06"}}, {"pk": 99, "model": "serie.episode", "fields": {"episode": 99, "description": "Not available", "title": "", "season": 1, "air_date": null, "title_en": null, "description_en": "Not available", "title_es": null, "description_es": "No disponible", "modified_time": "2011-05-06", "poster": null, "created_time": "2011-05-06"}}, {"pk": 100, "model": "serie.episode", "fields": {"episode": 1, "description": "The small northwest town of Twin Peaks, Washington is shaken up when the body of the Homecoming Queen, Laura Palmer, is discovered washed up on a riverbank, wrapped in plastic.  FBI Special Agent Dale Cooper is called in when Ronnette Pulaski, who attended the same high school as Laura, is found wandering on a bridge before lapsing into a coma.  Cooper believes there is a connection between Laura's death and the death of another girl named Theresa Banks that happened a year earlier. Cooper discovers a small piece of paper with the letter \"R\" on it shoved under Laura's fingernail.  He reveals to Sheriff Truman that under the nail of Thersa Banks he found a \"T.\"  There's little doubt the same killer has stuck again.  Meanwhile, the rebellious Audrey Horne ruins a business deal for her father Benjamin; Twin Peaks sheriff Harry S. Truman arrests Laura's boyfriend Bobby, who is secretly seeing a married woman named Shelly; Laura's best friend Donna and secret boyfriend James discover a mutu", "title": "Pilot", "season": 2, "air_date": "1990-04-08", "title_en": "Pilot", "description_en": "The small northwest town of Twin Peaks, Washington is shaken up when the body of the Homecoming Queen, Laura Palmer, is discovered washed up on a riverbank, wrapped in plastic.  FBI Special Agent Dale Cooper is called in when Ronnette Pulaski, who attended the same high school as Laura, is found wandering on a bridge before lapsing into a coma.  Cooper believes there is a connection between Laura's death and the death of another girl named Theresa Banks that happened a year earlier. Cooper discovers a small piece of paper with the letter \"R\" on it shoved under Laura's fingernail.  He reveals to Sheriff Truman that under the nail of Thersa Banks he found a \"T.\"  There's little doubt the same killer has stuck again.  Meanwhile, the rebellious Audrey Horne ruins a business deal for her father Benjamin; Twin Peaks sheriff Harry S. Truman arrests Laura's boyfriend Bobby, who is secretly seeing a married woman named Shelly; Laura's best friend Donna and secret boyfriend James discover a mutu", "title_es": "Piloto. Un cad\u00e1ver en Black Lane", "description_es": "Un agente del FBI se desplaza a una aislada localidad rural del noroeste de Estados Unidos con el fin de investigar el asesinato de Laura Palmer, una joven estudiante. Mientras busca al asesino, va descubriendo que en Twin Peaks nadie ni nada realmente es lo que parece y que todo el mundo tiene algo que ocultar.", "modified_time": "2011-05-06", "poster": 7, "created_time": "2011-05-06"}}, {"pk": 101, "model": "serie.episode", "fields": {"episode": 2, "description": "Agent Cooper enjoys the comforts of the Great Northern Hotel; Bobby Briggs and Mike Nelson are released from jail; Doctor Hayward hands over the autopsy report on Laura Palmer; Cooper and Truman interview Josie Packard; Audrey Horne and Donna Hayward vow to solve Laura's murder; Sarah Palmer has a vision of a grey-haird man; Doctor Jacoby conceals important information.", "title": "Traces to Nowhere", "season": 2, "air_date": "1990-04-12", "title_en": "Traces to Nowhere", "description_en": "Agent Cooper enjoys the comforts of the Great Northern Hotel; Bobby Briggs and Mike Nelson are released from jail; Doctor Hayward hands over the autopsy report on Laura Palmer; Cooper and Truman interview Josie Packard; Audrey Horne and Donna Hayward vow to solve Laura's murder; Sarah Palmer has a vision of a grey-haird man; Doctor Jacoby conceals important information.", "title_es": "Pistas sin salida", "description_es": "Mientras investigan el asesinato de Laura Palmer, el agente Dale Cooper, del FBI, y el sheriff Harry Truman siguen descubriendo m\u00e1s detalles sobre la misteriosa vida de la joven. Big Ed confiesa que fue drogado y Catherine cuenta sus planes para hacerse con el control del aserradero. Los sospechosos salen de la c\u00e1rcel.", "modified_time": "2011-05-06", "poster": 8, "created_time": "2011-05-06"}}, {"pk": 102, "model": "serie.episode", "fields": {"episode": 3, "description": "Ben Horne's brother, Jerry, arrives in Twin Peaks; James and Donna decide to be together; Ben & Jerry travel to One Eyed Jacks and meet with its madam, Blackie O'Rielly; Audrey leaves a clue for Cooper; Deputy Hawk finds a bloody towel near the crime scene; Cooper demonstrates a unique deductive technique; The cynical Special Agent Albert Rosenfield arrives to examine the body of Laura Palmer; Josie discovers Catherine has been keeping two ledgers; Leo takes his anger out on Shelly; Agent Cooper has a mysterious dream about the crime.", "title": "Zen, or the Skill to Catch a Killer", "season": 2, "air_date": "1990-04-19", "title_en": "Zen, or the Skill to Catch a Killer", "description_en": "Ben Horne's brother, Jerry, arrives in Twin Peaks; James and Donna decide to be together; Ben & Jerry travel to One Eyed Jacks and meet with its madam, Blackie O'Rielly; Audrey leaves a clue for Cooper; Deputy Hawk finds a bloody towel near the crime scene; Cooper demonstrates a unique deductive technique; The cynical Special Agent Albert Rosenfield arrives to examine the body of Laura Palmer; Josie discovers Catherine has been keeping two ledgers; Leo takes his anger out on Shelly; Agent Cooper has a mysterious dream about the crime.", "title_es": "Zen, una habilidad para cazar a un asesino", "description_es": "Mientras el agente Cooper hace una demostraci\u00f3n de una t\u00e9cnica deductiva desconocida para la polic\u00eda de Twin Peaks, algunos habitantes de la localidad siguen con sus extra\u00f1os comportamientos: Donna y James se juran amor eterno y Leo retiene a Bobby amenaz\u00e1ndolo con un arma.", "modified_time": "2011-05-06", "poster": 9, "created_time": "2011-05-06"}}, {"pk": 103, "model": "serie.episode", "fields": {"episode": 4, "description": "The next morning, Cooper meets with Audrey, who confesses to leaving him the note about One Eyed Jack's.  Cooper tells Truman he can't remember who the killer was in his dream, but insists the dream is a code to solving the crime.  Albert, after offending everyone in town, is forced to end his autopsy early. Albert and Truman come to blows. Bobby, James and Leland all make a scene at Laura's funeral.   Laura's identical cousin, Maddy, arrives in town.  Norma's husband, Hank Jennings, is up for parole.  Cooper has suspicions about Dr. Jacoby.  Leland shows signs of cracking.", "title": "Rest in Pain", "season": 2, "air_date": "1990-04-26", "title_en": "Rest in Pain", "description_en": "The next morning, Cooper meets with Audrey, who confesses to leaving him the note about One Eyed Jack's.  Cooper tells Truman he can't remember who the killer was in his dream, but insists the dream is a code to solving the crime.  Albert, after offending everyone in town, is forced to end his autopsy early. Albert and Truman come to blows. Bobby, James and Leland all make a scene at Laura's funeral.   Laura's identical cousin, Maddy, arrives in town.  Norma's husband, Hank Jennings, is up for parole.  Cooper has suspicions about Dr. Jacoby.  Leland shows signs of cracking.", "title_es": "Descanse en el dolor", "description_es": "Los acontecimientos se precipitan cuando los habitantes de Twin Peaks asisten al entierro de Laura Palmer. Entre tanto, el agente Cooper trata de interpretar el sue\u00f1o que tuvo la noche anterior y que estaba relacionado con el asesino. El sheriff Truman le contar\u00e1 un oscuro secreto.", "modified_time": "2011-05-06", "poster": 10, "created_time": "2011-05-06"}}, {"pk": 104, "model": "serie.episode", "fields": {"episode": 5, "description": "Cooper questions Dr. Jacoby, who suspects Leo Johnson is the killer.  Cooper's supervisior, Gordon Cole, calls in with Albert's report. Josie Packard spies on Ben Horne and Catherine Martell. Hawk tracks down the One Armed Man.   Mrs. Palmer shares her vision of the killer, the same man Cooper saw in his dream (BOB).  Truman and Cooper find the bird who attacked Laura belonged to Leo's friend, Jacques Renault.  Hank Jennings has his parole hearing and makes a threatening phone call to Josie.", "title": "The One-Armed Man", "season": 2, "air_date": "1990-05-03", "title_en": "The One-Armed Man", "description_en": "Cooper questions Dr. Jacoby, who suspects Leo Johnson is the killer.  Cooper's supervisior, Gordon Cole, calls in with Albert's report. Josie Packard spies on Ben Horne and Catherine Martell. Hawk tracks down the One Armed Man.   Mrs. Palmer shares her vision of the killer, the same man Cooper saw in his dream (BOB).  Truman and Cooper find the bird who attacked Laura belonged to Leo's friend, Jacques Renault.  Hank Jennings has his parole hearing and makes a threatening phone call to Josie.", "title_es": "El manco", "description_es": "El agente Cooper y el sheriff Truman tratan de localizar al hombre manco al mismo tiempo que analizan nuevas pruebas relacionadas con el asesinato de Laura Palmer. Mientras, Norma acude a una vista judicial en la que se decide si su marido saldr\u00e1 o no en libertad condicional. Por su parte, Audrey decide iniciar una investigaci\u00f3n del crimen por su cuenta.", "modified_time": "2011-05-06", "poster": 11, "created_time": "2011-05-06"}}, {"pk": 105, "model": "serie.episode", "fields": {"episode": 6, "description": "Cooper and company have tea with the Log Lady.  The Log Lady tells them there was a third man following after Leo and Jaques the night Laura died.  At the cabin of Jaquces Renault, Cooper, Hawk and Truman find Waldo the bird.  The bird not only attacked Laura the night she died, but he can also talk.  Cooper finds a poker chip from One Eyed Jacks.  Hank returns home to Norma.  The Briggs family visits Dr. Jacoby.  Audrey takes a job at the perfume counter where Laura and Ronette worked.  Shelly takes her revenge on Leo. Audrey has a surprise for Agent Cooper.", "title": "Cooper's Dreams", "season": 2, "air_date": "1990-05-10", "title_en": "Cooper's Dreams", "description_en": "Cooper and company have tea with the Log Lady.  The Log Lady tells them there was a third man following after Leo and Jaques the night Laura died.  At the cabin of Jaquces Renault, Cooper, Hawk and Truman find Waldo the bird.  The bird not only attacked Laura the night she died, but he can also talk.  Cooper finds a poker chip from One Eyed Jacks.  Hank returns home to Norma.  The Briggs family visits Dr. Jacoby.  Audrey takes a job at the perfume counter where Laura and Ronette worked.  Shelly takes her revenge on Leo. Audrey has a surprise for Agent Cooper.", "title_es": "Los sue\u00f1os de Cooper", "description_es": "Audrey acepta un empleo en la tienda de su padre mientras Hanks Jennings sale de la c\u00e1rcel y regresa al restaurante que regenta su esposa. James y Donna deciden contarle su secreto a Madeleine. Mientras tanto, el agente Cooper y el sheriff Truman acuden a tomar el t\u00e9 con una misteriosa mujer.", "modified_time": "2011-05-06", "poster": 12, "created_time": "2011-05-06"}}, {"pk": 106, "model": "serie.episode", "fields": {"episode": 7, "description": "Audrey cons her way into working at the perfume counter where Laura worked.  She discovers that it's being used as a recruitment post for One Eyed Jack's.  James, Donna and Maddy plan to lure Jacoby away from his office.  Cooper and Big Ed go under cover at One Eyed Jack's.  Nadine's drape runners are rejected. Truman asks for Cooper's help regarding Josie's fears about the Mill. Leo sets his sights on Bobby Briggs and Waldo the Bird.   Bobby sets up James Hurley.  Ben and Josie decide to double cross Catherine.", "title": "Realization Time", "season": 2, "air_date": "1990-05-17", "title_en": "Realization Time", "description_en": "Audrey cons her way into working at the perfume counter where Laura worked.  She discovers that it's being used as a recruitment post for One Eyed Jack's.  James, Donna and Maddy plan to lure Jacoby away from his office.  Cooper and Big Ed go under cover at One Eyed Jack's.  Nadine's drape runners are rejected. Truman asks for Cooper's help regarding Josie's fears about the Mill. Leo sets his sights on Bobby Briggs and Waldo the Bird.   Bobby sets up James Hurley.  Ben and Josie decide to double cross Catherine.", "title_es": "Las averiguaciones", "description_es": "Josie le confiesa al sheriff Truman sus sospechas sobre Catherine Martell, mientras que el agente Cooper decide visitar el local conocido como \"Jack el Tuerto\". Al mismo tiempo, a Audrey se le ocurre la idea de hacerse pasar por camarera del local para descubrir los secretos que se ocultan en el lugar. El doctor Jacoby recibe una llamada telef\u00f3nica de la difunta Laura Palmer.", "modified_time": "2011-05-06", "poster": 13, "created_time": "2011-05-06"}}, {"pk": 107, "model": "serie.episode", "fields": {"episode": 8, "description": "Audrey is hired at One Eyed Jack's, but is caught in a trap when her father arrives.  Cooper gets Jacques Renault to reveal the details of  Laura's last night in the cabin.  Deputy Andy saves Truman's life and apprehends Renault.  Lucy has a surprise for Andy.  Dr. Jacoby is attacked in the park.  James, Donna and Maddy find Laura's last tape and retrieve the necklace.  Cooper finds the coke planted in James's bike.  Leo traps Shelly in the mill and sets it on fire.  Hank lures Catherine to the burning mill, then goes after Leo.  Nadine overdoses on sleeping pills.  Leland Palmer takes revenge.  Cooper, arriving back at the Great Northern Hotel, is shot three times.\nTo Be Continued...", "title": "The Last Evening", "season": 2, "air_date": "1990-05-23", "title_en": "The Last Evening", "description_en": "Audrey is hired at One Eyed Jack's, but is caught in a trap when her father arrives.  Cooper gets Jacques Renault to reveal the details of  Laura's last night in the cabin.  Deputy Andy saves Truman's life and apprehends Renault.  Lucy has a surprise for Andy.  Dr. Jacoby is attacked in the park.  James, Donna and Maddy find Laura's last tape and retrieve the necklace.  Cooper finds the coke planted in James's bike.  Leo traps Shelly in the mill and sets it on fire.  Hank lures Catherine to the burning mill, then goes after Leo.  Nadine overdoses on sleeping pills.  Leland Palmer takes revenge.  Cooper, arriving back at the Great Northern Hotel, is shot three times.\nTo Be Continued...", "title_es": "El \u00faltimo atardecer", "description_es": "El caso que dirigen el sheriff y el agente Cooper alcanza una terrible conclusi\u00f3n. El doctor Jacoby se presenta a su cita sin conocer lo que le depara el destino. Entre tanto, Catherine y Shelly se ven atrapadas sin esperanza, mientras la influencia maligna de Hank alcanza incluso a Josie Packard.", "modified_time": "2011-05-06", "poster": 14, "created_time": "2011-05-06"}}, {"pk": 108, "model": "serie.episode", "fields": {"episode": 1, "description": "A wounded Agent Cooper has a vision of a giant who gives him several clues about the murder of Laura Palmer.  Shelly and Pete recover from the mill fire, but Josie and Catherine are missing.  Ben and Jerry Horne are not pleased with how the mill fire plan unfolded.  Leland Palmer's attitude changes with his hair color.  Albert returns to assist the wounded Cooper.  Donna gets a mysterious message about Meals on Wheels.  Dr. Jacoby recovers from his heart attack, but cannot remember who killed Jacques.  Major Briggs has a vision of good things for Bobby.  Nadine is in a coma.  Leo is a vegetable.  Ronnette awakes from her coma after a horrific dream about Bob.", "title": "May the Giant Be with You", "season": 3, "air_date": "1990-09-30", "title_en": "May the Giant Be with You", "description_en": "A wounded Agent Cooper has a vision of a giant who gives him several clues about the murder of Laura Palmer.  Shelly and Pete recover from the mill fire, but Josie and Catherine are missing.  Ben and Jerry Horne are not pleased with how the mill fire plan unfolded.  Leland Palmer's attitude changes with his hair color.  Albert returns to assist the wounded Cooper.  Donna gets a mysterious message about Meals on Wheels.  Dr. Jacoby recovers from his heart attack, but cannot remember who killed Jacques.  Major Briggs has a vision of good things for Bobby.  Nadine is in a coma.  Leo is a vegetable.  Ronnette awakes from her coma after a horrific dream about Bob.", "title_es": "\u00bfPuede el Gigante estar Contigo?", "description_es": "Viernes 3 de Marzo. Cooper, herido de gravedad, mantiene su vida gracias al chaleco antibalas. Mientras permanece en el suelo de la habitaci\u00f3n, debati\u00e9ndose entre la vida y la muerte, recibe la visita de un Gigante, que aparece de repente, y que le da tres pistas fundamentales para averiguar la identidad del asesino de Laura: \u00abEl hombre de la bolsa que sonr\u00ede\u00bb, \u00abLas lechuzas no son lo que parecen\u00bb y \u00abSin qu\u00edmica lo dir\u00e1\u00bb. Antes de desaparecer, el gigante coge el anillo de Cooper, que se lo devolver\u00e1 cuando resuelva dicho caso. Poco despu\u00e9s llegan Harry y sus ayudantes, que lo llevan al hospital.\nMientras, en casa de los Palmer, Leland aparece con el pelo totalmente blanco, y pasa de estar destrozado por la muerte de su hija a estar con las energ\u00edas renovadas. Maddie tiene una visi\u00f3n de Bob en un c\u00edrculo de sangre en la alfombra.\nMientras, en el hospital, Cooper va encontrando alguna de las pistas que el gigante le dio. Tambi\u00e9n all\u00ed, Nadine se mantiene en coma, pero Leo que en estado vegetativo, aparentemente para el resto de su vida. Harry informa a Pete que Catherine ha muerto en el incendio, mientras que Josie deja una nota donde pone que se va de compras a Seattle.\nRonette Pulaski sale del coma, y recuerda en una visi\u00f3n el asesinato de Laura, en el vag\u00f3n del tren.", "modified_time": "2011-05-06", "poster": 15, "created_time": "2011-05-06"}}, {"pk": 109, "model": "serie.episode", "fields": {"episode": 2, "description": "Albert determines that neither Leo nor Jaqcues killed Laura, but he is unable find any leads into who shot Cooper. Cooper says they must find the third man, who he believes to be Bob, the grey haird man.  Albert reports that Cooper's ex-partner, Windom Earle, escaped from an insane asylum.  Ben Horne can't decide which of the mill ledgers to destroy.  The Log Lady tells Major Briggs to deliver a message to Agent Cooper.  An Asian man spies on Cooper.  Shelly visits Leo in the hospital.  Maddy and James discuss a change in Donna's attitude.  Leland has a revelation.  Bobby tries to convince Shelly to cash in on Leo's insurance money. Audrey is trapped at One Eyed Jack's.", "title": "Coma", "season": 3, "air_date": "1990-10-06", "title_en": "Coma", "description_en": "Albert determines that neither Leo nor Jaqcues killed Laura, but he is unable find any leads into who shot Cooper. Cooper says they must find the third man, who he believes to be Bob, the grey haird man.  Albert reports that Cooper's ex-partner, Windom Earle, escaped from an insane asylum.  Ben Horne can't decide which of the mill ledgers to destroy.  The Log Lady tells Major Briggs to deliver a message to Agent Cooper.  An Asian man spies on Cooper.  Shelly visits Leo in the hospital.  Maddy and James discuss a change in Donna's attitude.  Leland has a revelation.  Bobby tries to convince Shelly to cash in on Leo's insurance money. Audrey is trapped at One Eyed Jack's.", "title_es": "Coma", "description_es": "S\u00e1bado 4 de Marzo. Albert informa a Cooper de que su antiguo compa\u00f1ero del FBI Windom Earle ha escapado del centro psiqui\u00e1trico donde estaba recluido. Donna pasa a desempe\u00f1ar el programa de \u00abComida sobre ruedas\u00bb del cual se encargaba Laura. All\u00ed conoce a la se\u00f1ora Tremond y a su nieto Pierre, el cual estudiaba magia. La anciana le indica que el vecino, Harold Smith, era amigo de Laura.\nJames cuenta a los agentes que, semanas atr\u00e1s, Laura le hizo unos misteriosos comentarios: \u00ab\u00bfTe gustar\u00eda jugar con fuego, jovencito?, \u00bfTe gustar\u00eda jugar con BOB?\u00bb. Ronette y Leland reconocen el retrato robot de BOB, la joven del d\u00eda del asesinato, el padre de Laura, de su infancia en Pearl Lakes.\nEl Major Briggs revela a Cooper unos extra\u00f1os mensajes que el Ej\u00e9rcito capto del espacio exterior la noche en que se le apareci\u00f3 el gigante. En ellos, tras una serie de n\u00fameros inmensa, se pod\u00eda leer \u00abLas lechuzas no son lo que parecen\u00bb y el nombre de Cooper. Esa noche, el agente vuelve a so\u00f1ar con el gigante, BOB, lechuzas, pero una llamada lo despierta.\nEn Jack el Tuerto, Audrey es secuestrada por Blackie cuando la joven se dispon\u00eda a irse. Hab\u00edan descubierto su verdadera identidad.", "modified_time": "2011-05-06", "poster": 16, "created_time": "2011-05-06"}}, {"pk": 110, "model": "serie.episode", "fields": {"episode": 3, "description": "Ronette is attacked in her hospital bed by an unseen person.  Jean Reanult, brother of Jaqcues and Bernard, plans to blackmail Ben Horne for the release of Audrey.  Donna meets with Harold Smith, a shut-in who had befriended Laura.  Albert and Truman have a strange confrontation.  Lucy reveals that there's been another man in her life, Dick Treymane (Horne's Department Store, Men's Fashions).  Shelly decides not to testify against Leo. Leland offers a clue in the search for Killer Bob.  The One-Armed Man leaves Cooper the giant's final clue.  Nadine wakes from her coma a changed woman.  Jacoby leads Cooper and Truman to Jacques's killer.  Donna discovers the secret diary of Laura Palmer.", "title": "The Man Behind the Glass", "season": 3, "air_date": "1990-10-13", "title_en": "The Man Behind the Glass", "description_en": "Ronette is attacked in her hospital bed by an unseen person.  Jean Reanult, brother of Jaqcues and Bernard, plans to blackmail Ben Horne for the release of Audrey.  Donna meets with Harold Smith, a shut-in who had befriended Laura.  Albert and Truman have a strange confrontation.  Lucy reveals that there's been another man in her life, Dick Treymane (Horne's Department Store, Men's Fashions).  Shelly decides not to testify against Leo. Leland offers a clue in the search for Killer Bob.  The One-Armed Man leaves Cooper the giant's final clue.  Nadine wakes from her coma a changed woman.  Jacoby leads Cooper and Truman to Jacques's killer.  Donna discovers the secret diary of Laura Palmer.", "title_es": "El Hombre tras el Cristal", "description_es": "Domingo 5 de Marzo. Ronette es atacada por la noche, sin sufrir mas da\u00f1os que el ocasionado por introducirle la letra B bajo su u\u00f1a.\nLeland explica a Cooper que el hombre que conoci\u00f3 durante su infancia se apellidaba Robertson, el cual sol\u00eda jugar a tirarle cerillas encendidas. Tambi\u00e9n menciona la misma frase que Laura hab\u00eda dicho a James (\u00ab\u00bfQuieres jugar con fuego?\u00bb).\nNadie sale del coma, creyendo ser una adolescente de 18 a\u00f1os. El doctor Jacoby se autohipnotiza para revivir el momento en el que mataban a Jacques Renault, reconociendo al asesino: Leland Palmer.\nDonna conoce a Harold Smith, amigo de Laura, incapaz de salir de su casa (agoraf\u00f3bico), el cual le pide que lleve a la joven fallecida una orqu\u00eddea a su tumba. Mas tarde, tras sorprender a James y a Maddie, Donna vuelve a junto de Harold, donde encuentra el diario secreto de Laura Palmer.", "modified_time": "2011-05-06", "poster": 17, "created_time": "2011-05-06"}}, {"pk": 111, "model": "serie.episode", "fields": {"episode": 4, "description": "Leland confesses to killing Jacques Reanult.  Andy wants to take a new sperm count test.  Rumor spreads that a food critic is coming to Twin Peaks.  Jean asks Ben to set a trap for Cooper in exchange for Audrey's life.  Cooper agrees to Ben's requests, unaware of the trap.  Harold Smith reads from the diary to Donna.  Josie returns to Twin Peaks.  Cooper asks for help from the Bookhouse Boys, and Harry comes through.  Donna and Maddy plot to steal the diary.  Judge Sternwood arrives for the trials of Leo and Leland.  Dick Tremayne makes a shocking offer to Lucy.  The Asian man comes after Josie and Hank.", "title": "Laura's Secret Diary", "season": 3, "air_date": "1990-10-20", "title_en": "Laura's Secret Diary", "description_en": "Leland confesses to killing Jacques Reanult.  Andy wants to take a new sperm count test.  Rumor spreads that a food critic is coming to Twin Peaks.  Jean asks Ben to set a trap for Cooper in exchange for Audrey's life.  Cooper agrees to Ben's requests, unaware of the trap.  Harold Smith reads from the diary to Donna.  Josie returns to Twin Peaks.  Cooper asks for help from the Bookhouse Boys, and Harry comes through.  Donna and Maddy plot to steal the diary.  Judge Sternwood arrives for the trials of Leo and Leland.  Dick Tremayne makes a shocking offer to Lucy.  The Asian man comes after Josie and Hank.", "title_es": "El Diario Secreto de Laura", "description_es": "Lunes 6 de Marzo. Leland confiesa ser el asesino de Jacques. Lo hizo porque cre\u00eda que era el asesino de su hija. Donna hace un pacto con Harold ella le cuenta sus experiencias a cambio de que le lea fragmentos del diario de Laura.\nJean Renault se revela como el cerebro del secuestro de Audrey. Planea chantajear a Ben Horne y hacerse con Jack el tuerto, pero lo que desea por encima de todo es matar a Cooper, para vengarse por la muerte de su hermano.\nJosie presenta a Pete a su primo Jonathan, de Seattle. Este visita a Hank Jennings por la noche, para advertirle que deje en paz a Josie o lo mata.", "modified_time": "2011-05-06", "poster": 18, "created_time": "2011-05-06"}}, {"pk": 112, "model": "serie.episode", "fields": {"episode": 5, "description": "Cooper discovers he had forgotten about the message under his bed.  Shelly and Bobby begin Leo's homecare.  Sternwood hears pre-trial motions and declares Leo not fit for trail.  Nadine comes home, still thinking she's in high school.  A mysterious man, Mr. Tojamura, arrives and offers Ben a sizeable fee for Ghostwood.  Cooper agrees to drop Audrey's ransom, but deduces that she's being held at Jack's.  Andy's test results are an improvement.  Cooper and Truman raid One Eyed Jack's and rescue Audrey, witness several murders, and are saved by Hawk in the process.  Jean Renault captures Hank.  Harold Smith catches Donna and Maddy trying to steal the diary.", "title": "The Orchid's Curse", "season": 3, "air_date": "1990-10-27", "title_en": "The Orchid's Curse", "description_en": "Cooper discovers he had forgotten about the message under his bed.  Shelly and Bobby begin Leo's homecare.  Sternwood hears pre-trial motions and declares Leo not fit for trail.  Nadine comes home, still thinking she's in high school.  A mysterious man, Mr. Tojamura, arrives and offers Ben a sizeable fee for Ghostwood.  Cooper agrees to drop Audrey's ransom, but deduces that she's being held at Jack's.  Andy's test results are an improvement.  Cooper and Truman raid One Eyed Jack's and rescue Audrey, witness several murders, and are saved by Hawk in the process.  Jean Renault captures Hank.  Harold Smith catches Donna and Maddy trying to steal the diary.", "title_es": "La Maldici\u00f3n de la Orqu\u00eddea", "description_es": "Martes 7 de Marzo. Leland consigue la libertad condicional por el asesinato de Jacques, despu\u00e9s de ser defendido por Harry. Tojamura, un misterioso japon\u00e9s, ofrece a Ben Horne 5 millones de d\u00f3lares por el proyecto Ghostwood.\nCooper y Harry se disponen a liberar a Audrey de su secuestro en Jack el Tuerto, logrando huir gracias a la intervenci\u00f3n in extremis de Hawk. Jean Renault, despu\u00e9s de asesinar a Blackie, logra escapar.\nEl plan de Donna para robar el diario secreto de Laura a Harold fracasa, quedando esta y Maddie en peligro.", "modified_time": "2011-05-06", "poster": 19, "created_time": "2011-05-06"}}, {"pk": 113, "model": "serie.episode", "fields": {"episode": 6, "description": "James saves the girls from a tormented Harold.  Cooper brings Audrey home.  Bobby and Shelly learn that their insurance plans have backfired.  Donna tries to convince Truman that Harold Smith has Laura's secret diary.  Cooper's boss, Gordon Cole, arrives with an upsetting message for Cooper.  Hawk finds the One-Armed Man, who reveals himself as the spirit, Mike.  Maddy decides to go home.  Jonathan says he's taking Josie back to China.  Ben calls Leland back into work.  The One Armed Man vows to stop BOB, pointing Cooper towards the Great Northern Hotel.", "title": "Demons", "season": 3, "air_date": "1990-11-03", "title_en": "Demons", "description_en": "James saves the girls from a tormented Harold.  Cooper brings Audrey home.  Bobby and Shelly learn that their insurance plans have backfired.  Donna tries to convince Truman that Harold Smith has Laura's secret diary.  Cooper's boss, Gordon Cole, arrives with an upsetting message for Cooper.  Hawk finds the One-Armed Man, who reveals himself as the spirit, Mike.  Maddy decides to go home.  Jonathan says he's taking Josie back to China.  Ben calls Leland back into work.  The One Armed Man vows to stop BOB, pointing Cooper towards the Great Northern Hotel.", "title_es": "Demonios", "description_es": "Martes 7 y Mi\u00e9rcoles 8 de Marzo. James llega justo a tiempo a casa de Harold y salva a las j\u00f3venes de sus garras. Gordon Cole, supervisor de Cooper, llega a Twin Peaks para advertir a Cooper de que Windom Earle podr\u00eda ir a por el.\nJosie decide irse a Hong Kong con Jonathan, quien no es su primo, si no un sicario del se\u00f1or Eckhardt. Tras conseguir los 5 millones de d\u00f3lares que Ben le deb\u00eda, la asi\u00e1tica se despide de Harry, el cual queda destrozado.\nPhilip Gerard es la clave de la tercera pista del Gigante (\u00abSin qu\u00edmica lo dir\u00e1\u00bb), ya que, tras sufrir convulsiones en los instantes previos a un interrogatorio, no le es suministrada su droga, hecho que provoca la aparici\u00f3n de Mike, esp\u00edritu que habita su cuerpo. Este revela varios datos sobre BOB, entre ellos que en ese momento se encontraba en el Gran Hotel del Norte.", "modified_time": "2011-05-06", "poster": 20, "created_time": "2011-05-06"}}, {"pk": 114, "model": "serie.episode", "fields": {"episode": 7, "description": "Cooper and the One-Armed Man inspect guests at the Great Northern.  Hawk finds Harold Smith dead by his own hand\u2026with a mysterious suicide note and the diary torn to shreds.  Leo speaks to Bobby about \"new shoes.\"  Audrey confronts her father about One Eyed Jacks.  Shelly tells Norma she has to quit working at the Double R.  Norma sees the changed Nadine for the first time.  Bobby finds evidence to blackmail Ben Horne for a sizable sum. Audrey goes to Cooper about her father, leading Truman and Cooper to arrest Ben.  Tojamora reveals his true identity to Pete.  The Log Lady brings Cooper to the Roadhouse, where the Giant appears.  Late in the evening, Laura's killer strikes again...", "title": "Lonely Souls", "season": 3, "air_date": "1990-11-10", "title_en": "Lonely Souls", "description_en": "Cooper and the One-Armed Man inspect guests at the Great Northern.  Hawk finds Harold Smith dead by his own hand\u2026with a mysterious suicide note and the diary torn to shreds.  Leo speaks to Bobby about \"new shoes.\"  Audrey confronts her father about One Eyed Jacks.  Shelly tells Norma she has to quit working at the Double R.  Norma sees the changed Nadine for the first time.  Bobby finds evidence to blackmail Ben Horne for a sizable sum. Audrey goes to Cooper about her father, leading Truman and Cooper to arrest Ben.  Tojamora reveals his true identity to Pete.  The Log Lady brings Cooper to the Roadhouse, where the Giant appears.  Late in the evening, Laura's killer strikes again...", "title_es": "Almas Solitarias", "description_es": "Jueves 9 de Marzo. Cooper hace pasar uno a uno a todos los ocupantes del Gran Hotel del Norte por delante de Mike, para que este reconozca a BOB (al cuerpo que habita). Hawk va a casa de Harold Smith, y all\u00ed lo encuentra ahorcado, con el diario secreto de Laura Palmer hecho pedazos, esparcidos por el suelo.\nBen Horne es acusado del asesinato de Laura Palmer, y encarcelado. Lady Le\u00f1o advierte a Cooper de que \u00abesta noche se reunir\u00e1n lechuzas en el Roadhouse\u00bb. El verdadero rostro de Tojamura se revela: es Catherine Martell disfrazada, para tender una trampa a Ben Horne.\nEn casa de los Palmer, Sarah, drogada, se arrastra por el suelo hasta que ve un caballo blanco y se desmaya. Leland, sin hacer caso, se mira al espejo, donde se ve reflejado a BOB. Maddie baja asustada, tras el fuerte olor a aceite quemado de motor (olor caracter\u00edstico cada vez que BOB act\u00faa). All\u00ed, Leland/BOB asesinan a la joven, y le colocan bajo su u\u00f1a la letra \u00abO\u00bb. Mientras, en el Roadhouse, el Gigante se le aparece a Cooper de nuevo, para advertirle de que \u00abEst\u00e1 sucediendo nuevamente...\u00bb.", "modified_time": "2011-05-06", "poster": 21, "created_time": "2011-05-06"}}, {"pk": 115, "model": "serie.episode", "fields": {"episode": 8, "description": "Donna and James wonder why Maddy left so suddenly.  Norma's mother arrives with news\u2026she's married a new man, Ernie Niles.   Cooper tells Leland they arrested Ben Horne for Laura's murder.  Ben tells Jerry the only person who can prove his innocence is the missing Catherine.  The One-Armed Man escapes custody.  Pete and Truman worry about Josie.  Pete tells Ben that Catherine is still alive, and wants to make a deal.  Cooper comes face to face with the killer without realizing it.  Lucy tells Andy that Dick may be the father.  Hank and Ernie know each other from prison.   Truman insists on prosecuting Ben Horne.  Maddy is found wrapped in plastic.", "title": "Drive with a Dead Girl", "season": 3, "air_date": "1990-11-17", "title_en": "Drive with a Dead Girl", "description_en": "Donna and James wonder why Maddy left so suddenly.  Norma's mother arrives with news\u2026she's married a new man, Ernie Niles.   Cooper tells Leland they arrested Ben Horne for Laura's murder.  Ben tells Jerry the only person who can prove his innocence is the missing Catherine.  The One-Armed Man escapes custody.  Pete and Truman worry about Josie.  Pete tells Ben that Catherine is still alive, and wants to make a deal.  Cooper comes face to face with the killer without realizing it.  Lucy tells Andy that Dick may be the father.  Hank and Ernie know each other from prison.   Truman insists on prosecuting Ben Horne.  Maddy is found wrapped in plastic.", "title_es": "Conduce con una Muerta", "description_es": "Viernes 10 de Marzo. James y Donna van a casa de los Palmer para despedirse de Maddie, pero Leland les dice que ya se fue.\nPor medio de Pete, Ben recibe en prisi\u00f3n un mensaje de Catherine. A cambio de confirmar su coartada la noche del asesinato de Laura, ella quiere los terrenos de Ghostwood.\nPor la noche, un nuevo cad\u00e1ver aparece flotando, envuelto en pl\u00e1stico. Tras llegar Cooper al lugar de los hechos, descubren que esta vez se trata de Maddy.", "modified_time": "2011-05-06", "poster": 22, "created_time": "2011-05-06"}}, {"pk": 116, "model": "serie.episode", "fields": {"episode": 9, "description": "Albert returns to examine Maddy.  Cooper asks for twenty-four hours to finish his case.  James and Donna reaffirm their love.  Andy accidentally leads Donna and Cooper back to Mrs. Treamond's house.  Cooper is given a missing page from Laura's diary, describing the same dream he had.  The One Armed man is ill, tells Cooper he has all the clues he needs.  Catherine reveals herself to Ben, and he signs the mill back over to her.  Leland and Donna learn of Maddy's death.  Cooper calls together everyone for a final confrontation.    James leaves town.   Cooper tricks the killer into revealing himself after decoding the various clues from his dream.   The spirit of BOB flees from the killer's body, who dies in Cooper's arms and is welcomed into the next life by Laura.  Truman, Cooper, Albert and Major Briggs ponder the existence of Bob, and where he has gone to\u2026", "title": "Arbitrary Law", "season": 3, "air_date": "1990-12-01", "title_en": "Arbitrary Law", "description_en": "Albert returns to examine Maddy.  Cooper asks for twenty-four hours to finish his case.  James and Donna reaffirm their love.  Andy accidentally leads Donna and Cooper back to Mrs. Treamond's house.  Cooper is given a missing page from Laura's diary, describing the same dream he had.  The One Armed man is ill, tells Cooper he has all the clues he needs.  Catherine reveals herself to Ben, and he signs the mill back over to her.  Leland and Donna learn of Maddy's death.  Cooper calls together everyone for a final confrontation.    James leaves town.   Cooper tricks the killer into revealing himself after decoding the various clues from his dream.   The spirit of BOB flees from the killer's body, who dies in Cooper's arms and is welcomed into the next life by Laura.  Truman, Cooper, Albert and Major Briggs ponder the existence of Bob, and where he has gone to\u2026", "title_es": "Ley Arbitraria", "description_es": "Catherine visita a Ben en su celta disfrazada de Tojamura, y una vez all\u00ed revela su verdadera identidad. El cede a todas sus peticiones, pero ella lo deja en la c\u00e1rcel.\nDonna lleva a Cooper a visitar a los Tremonds, pero al llegar all\u00ed parece que nunca hubieran existido. En cambio, la se\u00f1ora Tremond que si existe (nada que ver con la que Donna hab\u00eda visitado) tenia una carta de Harold para la joven. En ella se encontraban dos p\u00e1ginas del diario de Laura, donde se revelaba que la joven muerta y Cooper hab\u00edan tenido el mismo sue\u00f1o, y que el d\u00eda de su muerte ella sabia que su fin a manos de BOB estaba cerca.\nDonna se salva del ataque de Leland/BOB gracias a que llega Harry a avisar al padre de Laura de que ha aparecido otro cad\u00e1ver.\nCooper re\u00fane a todos los sospechosos y a varios colaboradores en el Roadhouse. Durante dicha reuni\u00f3n, el c\u00edrculo compuesto por Cooper, Harry, Albert, Leland, Ben, Ed, Leo, el Major Briggs y el camarero senil del Gran Hotel del Norte se cierra. El agente recuerda el sue\u00f1o, donde Laura le revelaba el nombre de su asesino: su propio padre. El Gigante le devuelve a Cooper su anillo.\nEnga\u00f1ado, creyendo que iba a ser Ben el encarcelado, Leland es encerrado, y el esp\u00edritu de BOB sale a relucir. Tras interrogarlo y confesar los asesinatos de Teresa Banks, Laura Palmer y Maddie Ferguson, BOB obliga a Leland a suicidarse y abandonar despu\u00e9s su cuerpo. Una vez libre, agonizante, Leland se disculpa por todo lo sucedido, y muere en paz en brazos de Cooper.", "modified_time": "2011-05-06", "poster": 23, "created_time": "2011-05-06"}}, {"pk": 117, "model": "serie.episode", "fields": {"episode": 10, "description": "Leland is laid to rest and Sarah Palmer tries to accept all that has happened to her family.  Dr. Jacoby returns from Hawaii.  Cooper prepares to leave Twin Peaks.  Mayor Milford objects to his brothers engagement to a younger woman.  Hank and Ernie meet with Jean Renault.   Jacoby has Ed enroll Nadine in High School.  Audrey and Cooper say goodbye, and Cooper tells her about the death of a woman he loved.  Bobby plans to take advantage of Ben's ruin.  Cooper is made a Bookhouse Boy.  Agent Rodger Hardy arrives to suspend Cooper for his illegal entrance into Canada and his involvement in the murders at One Eyed Jacks.  Norma's mother reveals herself to be the critic who wrote a scathing review of the Double R.  Josie returns to Truman.   Major Briggs vanishes in a bright light while fishing with Cooper.", "title": "Dispute Between Brothers", "season": 3, "air_date": "1990-12-08", "title_en": "Dispute Between Brothers", "description_en": "Leland is laid to rest and Sarah Palmer tries to accept all that has happened to her family.  Dr. Jacoby returns from Hawaii.  Cooper prepares to leave Twin Peaks.  Mayor Milford objects to his brothers engagement to a younger woman.  Hank and Ernie meet with Jean Renault.   Jacoby has Ed enroll Nadine in High School.  Audrey and Cooper say goodbye, and Cooper tells her about the death of a woman he loved.  Bobby plans to take advantage of Ben's ruin.  Cooper is made a Bookhouse Boy.  Agent Rodger Hardy arrives to suspend Cooper for his illegal entrance into Canada and his involvement in the murders at One Eyed Jacks.  Norma's mother reveals herself to be the critic who wrote a scathing review of the Double R.  Josie returns to Truman.   Major Briggs vanishes in a bright light while fishing with Cooper.", "title_es": "Disputa entre Hermanos", "description_es": "Mi\u00e9rcoles 15 de Marzo. Tras el funeral de Leland, todo parece recobrar la normalidad en Twin Peaks. Nadine vuelve al colegio por recomendaci\u00f3n de Jacoby, Bobby intenta chantajear a Ben Horne con una cinta donde el empresario ordena a Leo quemar la serrer\u00eda y Catherine y Josie vuelven a escena.\nCooper se prepara para despedirse cuando llega el agente Roger Hardy, de Asuntos Internos, para comunicarle que ha sido suspendido del FBI por saltarse su jurisdicci\u00f3n dos veces (atravesar la frontera para ir a Jack el Tuerto), y por trafico de drogas (trampa donde le hizo caer Jean Renault, el cual contaba con dos nuevos ayudantes, Hank Jennings y Ernie Niles.\nPor la noche Cooper y el Major Briggs van a pescar, y cuando el Major se dispon\u00eda a contar a Cooper algo sobre la Logia Blanca, desaparece tras un gran resplandor en medio de la oscuridad.", "modified_time": "2011-05-06", "poster": 24, "created_time": "2011-05-06"}}, {"pk": 118, "model": "serie.episode", "fields": {"episode": 11, "description": "Mrs. Briggs talks about her husband's disappearance into the woods.  Nadine is put on the wrestling team, where she falls for Mike Nelson.  James is hired by a mysterious wealthy woman named Evelyn Marsh.  Dick takes on an orphan named Little Nicky.  The case against Cooper will be handled by DEA Agent Denis (Denise) Bryson.  Hank tells Ben that Jean Renault has taken over One Eyed Jacks.  Windom Earle contacts Cooper with an omnious message.  Dougie Milford weds Lanna Budding.  Josie asks Catherine for protection.  Andrew Packard comes out of hiding, very much alive.", "title": "Masked Ball", "season": 3, "air_date": "1990-12-15", "title_en": "Masked Ball", "description_en": "Mrs. Briggs talks about her husband's disappearance into the woods.  Nadine is put on the wrestling team, where she falls for Mike Nelson.  James is hired by a mysterious wealthy woman named Evelyn Marsh.  Dick takes on an orphan named Little Nicky.  The case against Cooper will be handled by DEA Agent Denis (Denise) Bryson.  Hank tells Ben that Jean Renault has taken over One Eyed Jacks.  Windom Earle contacts Cooper with an omnious message.  Dougie Milford weds Lanna Budding.  Josie asks Catherine for protection.  Andrew Packard comes out of hiding, very much alive.", "title_es": "Baile de Disfraces", "description_es": "Jueves 16 de Marzo. Llega a Twin Peaks el travestido agente del FBI Dennis Bryson, para ayudar a Cooper con la investigaci\u00f3n sobre su presunto tr\u00e1fico de drogas.\nJames se va del pueblo por una temporada para tratar de olvidar todo lo ocurrido. En Wallies conoce a una misteriosa mujer llamada Evelyn Mash. Hank anuncia a Ben que el control de Jack el Tuerto ya no le pertenece. Nadine se enamora de Mike Nelson, ex de Donna y amigo de Bobby.\nCatherine se venga de Josie oblig\u00e1ndola a trabajar para ella de empleada del hogar. Andrew Packard, marido de Josie y del que todo el mundo piensa que esta muerto, reaparece para unirse con su hermana Catherine contra Thomas Eckhardt.", "modified_time": "2011-05-06", "poster": 25, "created_time": "2011-05-06"}}, {"pk": 119, "model": "serie.episode", "fields": {"episode": 12, "description": "Ben takes Bobby under his wing in a hope to destroy Hank and Jean.  However, Ben's mental state is starting to crack.  Cooper starts to look at buying real estate.  Major Briggs's supervisor reveals that Briggs was studying transmissions from the woods.  Andy and Dick learn of Little Nicky's troubled life.  James meets Malcom, the chauffer for the Marsh family.  Dougie Milford dies on his honeymoon, and the major blames Lana.  Cooper finds drugs at Dead Dog Farms.  Dick thinks Nicky is trying to kill him.  Evelyn starts an affair with James.  Ben begins to reenact the civil war.  Audrey produces photos that may save Cooper.  Hank catches Ed and Norma in an embrace.  Denise and Cooper enlist Ernie Niles to ensnare Jean Renault.  Major Briggs returns as mysteriously as he had vanished.", "title": "The Black Widow", "season": 3, "air_date": "1991-01-12", "title_en": "The Black Widow", "description_en": "Ben takes Bobby under his wing in a hope to destroy Hank and Jean.  However, Ben's mental state is starting to crack.  Cooper starts to look at buying real estate.  Major Briggs's supervisor reveals that Briggs was studying transmissions from the woods.  Andy and Dick learn of Little Nicky's troubled life.  James meets Malcom, the chauffer for the Marsh family.  Dougie Milford dies on his honeymoon, and the major blames Lana.  Cooper finds drugs at Dead Dog Farms.  Dick thinks Nicky is trying to kill him.  Evelyn starts an affair with James.  Ben begins to reenact the civil war.  Audrey produces photos that may save Cooper.  Hank catches Ed and Norma in an embrace.  Denise and Cooper enlist Ernie Niles to ensnare Jean Renault.  Major Briggs returns as mysteriously as he had vanished.", "title_es": "La Viuda Negra", "description_es": "Viernes 17 de Mayo. Cooper visita la granja del perro muerto, una casa donde tiene previsto instalarse, donde encuentra restos de coca\u00edna iguales a los de su coche. Gracias a Audrey, averigua que todo es un complot manejado por Jean Renault.\nBen Horne comienza a perder poco a poco la cabeza, empezando a revivir \u00abLa Guerra de Secesi\u00f3n\u00bb. Contrata a Bobby como empleado.\nJames es contratado por Evelyn para arreglar el coche de su marido, quien la maltrata. La atracci\u00f3n entre ambos es cada vez mayor. El Major Briggs aparece de repente por la noche, vestido como aviador de la Segunda Guerra Mundial, y cuando es preguntado si va todo bien, responde que no.", "modified_time": "2011-05-06", "poster": 26, "created_time": "2011-05-06"}}, {"pk": 120, "model": "serie.episode", "fields": {"episode": 13, "description": "Major Briggs has no memory of the place he was taken, but now has an odd tattoo on his neck.  Andy and Dick break into Little Nicky's files.  Mike and Nadine begin an affair.  Shelly and Bobby's love is strained.  Evelyn asks James to kill her husband.  Hank attacks Big Ed, but is beaten by Nadine.  Ben slips deeper into his fantasy life.  When the drug bust goes bad, Cooper is taken hostage by Jean Renault.  Leo Johnson comes back to life.  After physical and mental torture by Renault, Cooper is saved by a quick thinking Bryson and Truman.\nLater that night, an explosion and blackout empties out the police station, and when Cooper and Truman return, they find a gruesome scene let by Windom Earle.", "title": "Checkmate", "season": 3, "air_date": "1991-01-19", "title_en": "Checkmate", "description_en": "Major Briggs has no memory of the place he was taken, but now has an odd tattoo on his neck.  Andy and Dick break into Little Nicky's files.  Mike and Nadine begin an affair.  Shelly and Bobby's love is strained.  Evelyn asks James to kill her husband.  Hank attacks Big Ed, but is beaten by Nadine.  Ben slips deeper into his fantasy life.  When the drug bust goes bad, Cooper is taken hostage by Jean Renault.  Leo Johnson comes back to life.  After physical and mental torture by Renault, Cooper is saved by a quick thinking Bryson and Truman.\nLater that night, an explosion and blackout empties out the police station, and when Cooper and Truman return, they find a gruesome scene let by Windom Earle.", "title_es": "Jaque Mate", "description_es": "S\u00e1bado 18 de Marzo. Las explicaciones del Major Briggs acerca de su paradero en los d\u00edas anteriores son demasiado confusas. Briggs explica a Cooper que el proyecto Libro Azul no solo investiga sobre ovnis, sino tambi\u00e9n sobre la localizaci\u00f3n de la Logia Blanca.\nTruman nombra a Cooper ayudante del Sheriff mientras este no recupere su puesto de Agente Especial del FBI. Su primera vivencia es salir con vida de la trampa que le tiende Jean Renault, quien resulta muerto despu\u00e9s de que el Agente Denise rescate a Cooper. Leo Johnson sale del coma y ataca a Shelly.\nTras un apag\u00f3n, Cooper y Harry encuentran en la oficina de este \u00faltimo un cad\u00e1ver al lado de un tablero de ajedrez. Windom Earle acecha.", "modified_time": "2011-05-06", "poster": 27, "created_time": "2011-05-06"}}, {"pk": 121, "model": "serie.episode", "fields": {"episode": 14, "description": "Windom Earle has taken his first victim in the deadly chess game.  Audrey tells Bobby they have to save Ben from his Civil War fantasy.  Leo awakes and attacks Shelly, but Bobby is able to fend him off.  Doc Hayward offers the true story of Little Nicky's past.  Cooper reveals his rivalry with Earle: they were partners when Cooper fell in love with Caroline, Earle's wife.  Earle went mad, killing Caroline and wounding Cooper.  Mr. Marsh is killed.   Donna confronts Evelyn.  After a heated confrontation Mayor Milford and Lana end up lovers.  Andrew Pakcard reveals himself to Pete, and tells him Josie has been working for his old enemy Thomas Eckheardt.   Cooper suspects Josie in the murder of Jonathan.  Eckheardt arrives in Twin Peaks, and Leo Johnson finds himself in the company of Windom Earle.", "title": "Double Play", "season": 3, "air_date": "1991-02-02", "title_en": "Double Play", "description_en": "Windom Earle has taken his first victim in the deadly chess game.  Audrey tells Bobby they have to save Ben from his Civil War fantasy.  Leo awakes and attacks Shelly, but Bobby is able to fend him off.  Doc Hayward offers the true story of Little Nicky's past.  Cooper reveals his rivalry with Earle: they were partners when Cooper fell in love with Caroline, Earle's wife.  Earle went mad, killing Caroline and wounding Cooper.  Mr. Marsh is killed.   Donna confronts Evelyn.  After a heated confrontation Mayor Milford and Lana end up lovers.  Andrew Pakcard reveals himself to Pete, and tells him Josie has been working for his old enemy Thomas Eckheardt.   Cooper suspects Josie in the murder of Jonathan.  Eckheardt arrives in Twin Peaks, and Leo Johnson finds himself in the company of Windom Earle.", "title_es": "Doble Juego", "description_es": "Domingo 19 de Marzo. Cooper cuenta a Harry su historia con Caroline, la mujer de Windom Earle. Este, loco ya antes de saberlo, mato a su mujer y dejo herido de gravedad al agente.\nJacoby intenta curar a Ben Horne, pues su locura avanza tan r\u00e1pido como \u00abLa Guerra de Secesi\u00f3n\u00bb. James cae en la trampa tendida por Evelyn y su amante, y es acusado de matar al marido de esta. Donna viaja hasta Wallies para ayudarle.\nCatherine revela a Pete que Andrew no esta muerto. Thomas Eckhardt llega a Twin Peaks. Bobby salva in extremis a Shelly de morir a manos de Leo, el cual escapa al bosque, donde es acogido por Windom Earle, en su caba\u00f1a.", "modified_time": "2011-05-06", "poster": 28, "created_time": "2011-05-06"}}, {"pk": 122, "model": "serie.episode", "fields": {"episode": 15, "description": "The police look for James in the Marsh murder.  Bobby and Shelly tell Truman Leo escaped and Bobby reveals that he saw Hank shoot Leo the night the mill burned.  Albert returns to Twin Peaks with information on Windom Earle, and ends up looking at Josie for the murder of Jonathan and the attempted murder of Cooper.  Nadine \u2018breaks up' with Ed.  Dr. Jacoby, Audrey, Bobby and Jerry try to end Ben's fantasy life.  Donna and James escape from the Marsh home.  Pete offers to help Cooper force a stalemate with Earle.  Earle holds Leo as a slave.  Shelly comes back to work.  Eckheardt tells Catherine he wants Josie back.  Earle leaves a 'present' and another omnious message for Cooper.", "title": "Slaves and Masters", "season": 3, "air_date": "1991-02-09", "title_en": "Slaves and Masters", "description_en": "The police look for James in the Marsh murder.  Bobby and Shelly tell Truman Leo escaped and Bobby reveals that he saw Hank shoot Leo the night the mill burned.  Albert returns to Twin Peaks with information on Windom Earle, and ends up looking at Josie for the murder of Jonathan and the attempted murder of Cooper.  Nadine \u2018breaks up' with Ed.  Dr. Jacoby, Audrey, Bobby and Jerry try to end Ben's fantasy life.  Donna and James escape from the Marsh home.  Pete offers to help Cooper force a stalemate with Earle.  Earle holds Leo as a slave.  Shelly comes back to work.  Eckheardt tells Catherine he wants Josie back.  Earle leaves a 'present' and another omnious message for Cooper.", "title_es": "Esclavos y Amos", "description_es": "Lunes 20 de Marzo. Evelyn mata a su amante, y salva a James de su condena. Albert llega a la conclusi\u00f3n de que fue Josie quien disparo a Cooper y quien mato a Jonathan en Seattle.\nBen recupera su juicio cuando cambia el curso de la historia en La Guerra de Secesi\u00f3n. Cooper se al\u00eda con Pete, maestro de ajedrez de Twin Peaks, para tratar de ganar la partida a Windom Earle. Este env\u00eda a Cooper una m\u00e1scara, propiedad de Caroline, y un mensaje.", "modified_time": "2011-05-06", "poster": 29, "created_time": "2011-05-06"}}, {"pk": 123, "model": "serie.episode", "fields": {"episode": 16, "description": "Truman puts Hank in prison for the attempted murder of Leo, while Hank points the finger at Josie for the murder of Andrew Packard.  Albert reveals that Josie shot Cooper.  Ben enlists John Justice Wheeler to help him stop the Ghostwood plans.  Earle sends a poem to Donna, Shelly and Audrey.  Ben decides to \"save the pine weasel.\"  Norma learns her sister Annie is coming to town.   Ed proposes to Norma.  James leaves Twin Peaks.\nCaught in her own web of deceit, Josie murders Eckheardt, but is caught by Cooper and Truman.  She confesses to shooting Cooper, but before they can act, Josie dies in Harry's arms.  As she passes away, Cooper has a vision of BOB and the Little Man.  Josie's soul is trapped in a door pull.", "title": "The Condemned Woman", "season": 3, "air_date": "1991-02-16", "title_en": "The Condemned Woman", "description_en": "Truman puts Hank in prison for the attempted murder of Leo, while Hank points the finger at Josie for the murder of Andrew Packard.  Albert reveals that Josie shot Cooper.  Ben enlists John Justice Wheeler to help him stop the Ghostwood plans.  Earle sends a poem to Donna, Shelly and Audrey.  Ben decides to \"save the pine weasel.\"  Norma learns her sister Annie is coming to town.   Ed proposes to Norma.  James leaves Twin Peaks.\nCaught in her own web of deceit, Josie murders Eckheardt, but is caught by Cooper and Truman.  She confesses to shooting Cooper, but before they can act, Josie dies in Harry's arms.  As she passes away, Cooper has a vision of BOB and the Little Man.  Josie's soul is trapped in a door pull.", "title_es": "La Mujer Condenada", "description_es": "Martes 21 de Marzo. Ben Horne cambi\u00f3 a ra\u00edz de su locura, ahora intenta ser una buena persona. Despu\u00e9s de todo lo ocurrido, James y Donna se separan temporalmente, marchando el primero de Twin Peaks.\nWindom Earle usa a Leo como criado, tortur\u00e1ndolo en caso de no obedecer. Hank vuelve a prisi\u00f3n por el intento de asesinato de Leo, y Norma se niega a testificar a su favor.\nEl plan de Andrew y Catherine contra Eckhardt tiene fin tr\u00e1gico. Este exige ver a Josie en persona, algo que la aterroriza. Tal reuni\u00f3n acaba con la muerte de Eckhardt a manos de Josie, y la muerte de esta por un ataque al coraz\u00f3n. Justo tras esto, Cooper ve al Enano y a BOB como surgidos de una grieta del tiempo. El alma de Josie queda prisionera en el pomo de una mesita.", "modified_time": "2011-05-06", "poster": 30, "created_time": "2011-05-06"}}, {"pk": 124, "model": "serie.episode", "fields": {"episode": 17, "description": "Harry sinks into a deep depression after Josie's death.  Josie's body holds more questions then answers.  Norma's troubled sister, Annie, arrives in Twin Peaks.  Wheeler and Audrey hit it off.  Cooper's stalemate angers Earle.  Eckheardt's assistant, Jones, leaves a puzzle for Catherine.  Windom Earle visits Donna.  The Log Lady and Major Briggs share similar tattoos and go to Cooper with them.  The Miss Twin Peaks contest is coming up, and Norma wants Shelly to enter.  Cooper meets and is taken with Annie.  Ben holds a Save the Pine Weasel fashion show that goes wrong.  Jones slips into Harry's bed.", "title": "Wounds and Scars", "season": 3, "air_date": "1991-03-28", "title_en": "Wounds and Scars", "description_en": "Harry sinks into a deep depression after Josie's death.  Josie's body holds more questions then answers.  Norma's troubled sister, Annie, arrives in Twin Peaks.  Wheeler and Audrey hit it off.  Cooper's stalemate angers Earle.  Eckheardt's assistant, Jones, leaves a puzzle for Catherine.  Windom Earle visits Donna.  The Log Lady and Major Briggs share similar tattoos and go to Cooper with them.  The Miss Twin Peaks contest is coming up, and Norma wants Shelly to enter.  Cooper meets and is taken with Annie.  Ben holds a Save the Pine Weasel fashion show that goes wrong.  Jones slips into Harry's bed.", "title_es": "Heridas y Cicatrices", "description_es": "Mi\u00e9rcoles 22 de Marzo. Windom Earle, gracias a sus disfraces, va conociendo a varios de los habitantes de Twin Peaks. Cooper conoce a Annie Blackburn, hermana de Norma Jennings, reci\u00e9n llegada de un convento.\nLady Le\u00f1o y el Major Briggs ense\u00f1an a Cooper los extra\u00f1os tatuajes que le salieron cuando desaparecieron ambos despu\u00e9s de tener la visi\u00f3n del gran resplandor. Harry entra en una gran depresi\u00f3n a ra\u00edz de lo de Josie y no quiere ver a nadie.\nDonna sorprende a Ben Horne llevando un ramo de flores a su madre a casa, y lo sigue. La secretaria del fallecido Eckhardt lleva a Catherine una extra\u00f1a caja, y por la noche se mete en la cama de Harry.", "modified_time": "2011-05-06", "poster": 31, "created_time": "2011-05-06"}}, {"pk": 125, "model": "serie.episode", "fields": {"episode": 18, "description": "Harry is attacked by Jones in his sleep.  Audrey and Wheeler begin a relationship.  Gordon Cole returns with a report that Windom Earle worked with Major Briggs on Project Bluebook.  Cole reinstates Cooper in the FBI.   Earle plans to kill the winner of Miss Twin Peaks.  Donna spies Eileen Hayward paying a mysterious visit to Ben Horne.  Gordon Cole believes Shelly can cure his hearing loss.  Annie recognizes the two tattoos are coming from Owl Cave.  Earle visits Audrey.  Cooper, Truman, Hawk and Andy visit Owl Cave.   Cooper learns Annie has had a difficult life and offers to help her.   Earle uncovers a petroglyph in Owl Cave.", "title": "On the Wings of Love", "season": 3, "air_date": "1991-04-04", "title_en": "On the Wings of Love", "description_en": "Harry is attacked by Jones in his sleep.  Audrey and Wheeler begin a relationship.  Gordon Cole returns with a report that Windom Earle worked with Major Briggs on Project Bluebook.  Cole reinstates Cooper in the FBI.   Earle plans to kill the winner of Miss Twin Peaks.  Donna spies Eileen Hayward paying a mysterious visit to Ben Horne.  Gordon Cole believes Shelly can cure his hearing loss.  Annie recognizes the two tattoos are coming from Owl Cave.  Earle visits Audrey.  Cooper, Truman, Hawk and Andy visit Owl Cave.   Cooper learns Annie has had a difficult life and offers to help her.   Earle uncovers a petroglyph in Owl Cave.", "title_es": "En Alas del Amor", "description_es": "Jueves 23 de Marzo. La ayudante de Eckhardt intenta asesinar a Harry, pero \u00e9ste logra defenderse. Cooper deduce que fue el \u00faltimo acto de venganza por parte del se\u00f1or Eckhardt. Harry recibe un bons\u00e1i, en teor\u00eda un \u00faltimo regalo por parte de Josie, aunque en realidad lo env\u00eda Earle con un micro dentro para espiarlos.\nGordon Cole vuelve a Twin Peaks para devolver a Cooper su cargo como Agente Especial del FBI. En la Doble R comienza una simp\u00e1tica relaci\u00f3n con Shelly.\nCooper, quien comienza a enamorarse de Annie, descubre que combinando los tatuajes de Briggs y Lady Le\u00f1o sale el s\u00edmbolo encontrado en la cueva de la lechuza. \u00c9l, Harry, Andy y Hawk van a la cueva y descubren un extra\u00f1o mecanismo. Ya por la noche, Windom Earle va all\u00ed y activa el mecanismo, produci\u00e9ndose un derrumbe.", "modified_time": "2011-05-06", "poster": 32, "created_time": "2011-05-06"}}, {"pk": 126, "model": "serie.episode", "fields": {"episode": 19, "description": "Cooper and company find the mysterious petroglyph.   Windom Earle befriends a rock and roll youth, and tells him tales of places called the White and Black Lodge.  Pete helps Catherine open the first puzzle box.  Lana wants Milford to rig Miss Twin Peaks.  Annie and Cooper go for a nature walk.  Cooper finds the poem Earle sent to the girls.  He tells Harry it's a poem he once gave to Caroline.  Major Briggs agrees to look into Earle's Project Bluebook work.   Cooper deduces Leo Johnson is working with Earle.  Shelly, Lucy, Donna, Nadine, Lana and Audrey enter Miss Twin Peaks.   Mike tells Bobby about Nadine's special bedroom talents.  Cole says goodbye to Shelly.  Donna wants to know what is going on between her mom and Ben Horne.  Treymayne hosts a wine tasting party.  Windom Earle leaves his next victim and a terrifying promise for Cooper: \"Next time, it will be someone you know.\"", "title": "Variations and Relations", "season": 3, "air_date": "1991-04-11", "title_en": "Variations and Relations", "description_en": "Cooper and company find the mysterious petroglyph.   Windom Earle befriends a rock and roll youth, and tells him tales of places called the White and Black Lodge.  Pete helps Catherine open the first puzzle box.  Lana wants Milford to rig Miss Twin Peaks.  Annie and Cooper go for a nature walk.  Cooper finds the poem Earle sent to the girls.  He tells Harry it's a poem he once gave to Caroline.  Major Briggs agrees to look into Earle's Project Bluebook work.   Cooper deduces Leo Johnson is working with Earle.  Shelly, Lucy, Donna, Nadine, Lana and Audrey enter Miss Twin Peaks.   Mike tells Bobby about Nadine's special bedroom talents.  Cole says goodbye to Shelly.  Donna wants to know what is going on between her mom and Ben Horne.  Treymayne hosts a wine tasting party.  Windom Earle leaves his next victim and a terrifying promise for Cooper: \"Next time, it will be someone you know.\"", "title_es": "Variaciones en las Relaciones", "description_es": "Viernes 24 de Marzo. Se prepara la elecci\u00f3n anual de Miss Twin Peaks. Tras derrumbarse parte de la cueva, queda a la vista una extra\u00f1a petrograf\u00eda. Tanto Earle como Cooper intentan descifrarla, puesto que saben que es imprescindible para encontrar la Logia.\nEarle decide seguir con la partida de ajedrez, y mata a otro hombre. El cad\u00e1ver lo introduce dentro de un pe\u00f3n gigante, con una nota donde pone \u00abEl pr\u00f3ximo ser\u00e1 alguien que t\u00fa conoces\u00bb.", "modified_time": "2011-05-06", "poster": 33, "created_time": "2011-05-06"}}, {"pk": 127, "model": "serie.episode", "fields": {"episode": 20, "description": "Bobby and Shelly reaffirm their love.  Cooper calls Shelly, Donna and Audrey together to warn them about Earle.  Briggs shows Cooper a tape of Windom Earle making a report on his quest for the Black Lodge.  Donna discovers pictures of her mom and Ben Horne.   Wheeler is called away on an emergency.  Leo worries about Shelly.  Doc Hayward tells Ben to stay away from Eileen.  Townsfolk have strange tremors in their hands.  Pete has a vision of Josie.  Windom Earle takes Major Briggs captive.  Andrew and Catherine open the next box, only to find another one inside.  A drugged Briggs tells Earle how to open the lodge doorway.  Big Ed is able to break up with Nadine and ask Norma to marry him.  Audrey and Pete chase after Wheeler\u2026Audrey and Wheeler make love before he leaves.  Cooper takes Annie dancing, and convinces her to run for Miss Twin Peaks.  The Giant visits Cooper with a warning.  Windom Earle discovers the cave painting is a map.  BOB reappears.", "title": "The Path to the Black Lodge", "season": 3, "air_date": "1991-04-18", "title_en": "The Path to the Black Lodge", "description_en": "Bobby and Shelly reaffirm their love.  Cooper calls Shelly, Donna and Audrey together to warn them about Earle.  Briggs shows Cooper a tape of Windom Earle making a report on his quest for the Black Lodge.  Donna discovers pictures of her mom and Ben Horne.   Wheeler is called away on an emergency.  Leo worries about Shelly.  Doc Hayward tells Ben to stay away from Eileen.  Townsfolk have strange tremors in their hands.  Pete has a vision of Josie.  Windom Earle takes Major Briggs captive.  Andrew and Catherine open the next box, only to find another one inside.  A drugged Briggs tells Earle how to open the lodge doorway.  Big Ed is able to break up with Nadine and ask Norma to marry him.  Audrey and Pete chase after Wheeler\u2026Audrey and Wheeler make love before he leaves.  Cooper takes Annie dancing, and convinces her to run for Miss Twin Peaks.  The Giant visits Cooper with a warning.  Windom Earle discovers the cave painting is a map.  BOB reappears.", "title_es": "El Sendero a la Logia Negra", "description_es": "S\u00e1bado 25 de Marzo. Windom Earle, disfrazado de caballo, captura al Major Briggs, le droga y le interroga sobre las Logias, sin demasiado \u00e9xito. Donna, en su empe\u00f1o por investigar sobre la relaci\u00f3n entre su madre y Ben Horne, descubre que en su partida de nacimiento no aparece el nombre del padre.\nCooper advierte a Donna, Shelly y Audrey del peligro de las notas que les fueron enviadas con un trozo de poema, puesto que se trata de Windom Earle. Tambi\u00e9n descubre que lo escribi\u00f3 Leo.\nWindom Earle decide que la pr\u00f3xima victima es la que salga elegida Miss Twin Peaks. Cuando Annie dice a Cooper que se va a presentar, \u00e9ste tiene una visi\u00f3n del gigante donde le dice que no constantemente. Earle descubre que la petrograf\u00eda es un mapa para entrar en la Logia Negra.\nPor la noche un tenebroso ambiente envuelve el pueblo, estando presente en todos lados. En Glastonbury Grove, dentro de un c\u00edrculo de sicomoros, aparece BOB envuelto en luz. La imagen se desvanece, pero en un charco se ve reflejada la habitaci\u00f3n roja.", "modified_time": "2011-05-06", "poster": 34, "created_time": "2011-05-06"}}, {"pk": 128, "model": "serie.episode", "fields": {"episode": 21, "description": "Windom Earle sets his sites on the Miss Twin Peaks contest.  Lucy chooses a father for her baby.  Leo is punished when he frees Major Briggs.  Cooper unlocks the key to entering the Black Lodge.  Annie and Dale make a commitment to each other.  Catherine and Andrew find a mysterious key.  Donna confronts Ben Horne. The Miss Twin Peaks contest ends in chaos.  Windom Earle kidnaps Annie. Andy deciphers the Owl Cave puzzle.", "title": "Miss Twin Peaks", "season": 3, "air_date": "1991-06-10", "title_en": "Miss Twin Peaks", "description_en": "Windom Earle sets his sites on the Miss Twin Peaks contest.  Lucy chooses a father for her baby.  Leo is punished when he frees Major Briggs.  Cooper unlocks the key to entering the Black Lodge.  Annie and Dale make a commitment to each other.  Catherine and Andrew find a mysterious key.  Donna confronts Ben Horne. The Miss Twin Peaks contest ends in chaos.  Windom Earle kidnaps Annie. Andy deciphers the Owl Cave puzzle.", "title_es": "Miss Twin Peaks", "description_es": "Domingo 26 de Marzo. Leo libera al Major Briggs para que salve a Shelly. Al enterarse Earle, prepara una trampa mortal para el que fue su esclavo. Andrew y Catherine abren la caja que les dejo Eckhardt, donde hay una llave.\nEd intenta hacer entender a Nadine que quiere divorciarse para as\u00ed poder formalizar su relaci\u00f3n con Norma. Interrogando a un drogado Major Briggs, Cooper y Harry averiguan que Earle pretende usar a la nueva Miss Twin Peaks como llave para entrar a la Logia Negra. Por tanto deben vigilar como sea a la elegida.\nAnnie sale elegida Miss Twin Peaks, pero Windom Earle, disfrazado de Lady Le\u00f1o, logra secuestrarla. Andy descubre que la petrograf\u00eda de la cueva es en realidad un mapa.", "modified_time": "2011-05-06", "poster": 35, "created_time": "2011-05-06"}}, {"pk": 129, "model": "serie.episode", "fields": {"episode": 22, "description": "Agent Cooper follows Windom Earle and Annie into the depths of the Black Lodge.  Big Ed and Norma get a shock when Nadine suffers head trauma.  Andrew and Pete unlock Eckheart's final box while Audrey stages her act of civil disobedience.  Dr. Hayward and Ben Horne have a final confrontation.  Shelly and Bobby plan their future. Dr. Jacoby and Mrs. Palmer have a message for Major Briggs.  Cooper faces his destiny in the Black Lodge.", "title": "Beyond Life and Death", "season": 3, "air_date": "1991-06-10", "title_en": "Beyond Life and Death", "description_en": "Agent Cooper follows Windom Earle and Annie into the depths of the Black Lodge.  Big Ed and Norma get a shock when Nadine suffers head trauma.  Andrew and Pete unlock Eckheart's final box while Audrey stages her act of civil disobedience.  Dr. Hayward and Ben Horne have a final confrontation.  Shelly and Bobby plan their future. Dr. Jacoby and Mrs. Palmer have a message for Major Briggs.  Cooper faces his destiny in the Black Lodge.", "title_es": "Mas All\u00e1 de la Vida y la Muerte", "description_es": "Domingo 26 de Marzo. Tras recibir un golpe en la ceremonia de Miss Twin Peaks, Nadine recupera la memoria, deshaciendo los planes de Ed y Norma. Ben va a casa de los Hayward a suplicar perd\u00f3n por todo el da\u00f1o ocasionado, pero lo \u00fanico que recibe a cambio es un golpe por parte del doctor Hayward, dej\u00e1ndolo gravemente herido.\nLady Le\u00f1o entrega a Cooper un frasco de l\u00edquido que le dejo su marido la noche anterior a su muerte. Dicho liquido huele a aceite quemado de motor, olor caracter\u00edstico all\u00ed donde BOB act\u00faa. Cooper, gracias a Pete, deduce que la entrada a la Logia Negra esta en Glastonbury Grove, lugar donde se encuentra ya Earle con Annie, donde se disponen a entrar.\nPete y Andrew van a la Caja de Ahorros y Pr\u00e9stamos a usar la llave que les dejo Eckhardt. All\u00ed se encontraba Audrey encadenada a la puerta, en protesta a favor de la campa\u00f1a ecologista. Cuando abren dicha caja, encuentra una nota que pone \u00abYa te tengo, Andrew. Con cari\u00f1o, Thomas\u00bb. Una bomba destruye todo.\nCooper entra a la Logia Negra en busca de Annie. En el trayecto se va encontrando con el Enano, el Gigante, el Fuego, BOB, Leland, Windom Earle y, finalmente, con Annie. Justo antes de cumplir su misi\u00f3n es capturado por su doppelg\u00e4nger. En el c\u00edrculo de sicomoros, Truman ve surgir de un gran resplandor a Cooper y a Annie.\nLunes 27 de Marzo. En su habitaci\u00f3n del hotel, Cooper pregunta sobre Annie. Truman y el Dr. Hayward le tranquilizan. Entonces le entran unas repentinas ganas de lavarse los dientes. Ya en el lavabo, tras derramar el dent\u00edfrico, golpea violentamente su cabeza contra el espejo, vi\u00e9ndose a BOB reflejado. Entre risas, Cooper pregunta: \u00ab\u00bfC\u00f3mo est\u00e1 Annie?\u00bb.", "modified_time": "2011-05-06", "poster": 36, "created_time": "2011-05-06"}}, {"pk": 130, "model": "serie.episode", "fields": {"episode": 23, "description": "Not available", "title": "", "season": 3, "air_date": null, "title_en": null, "description_en": "Not available", "title_es": null, "description_es": "No disponible", "modified_time": "2011-05-06", "poster": null, "created_time": "2011-05-06"}}, {"pk": 1, "model": "serie.link", "fields": {"subtitle": null, "url": "http://www.megavideo.com/?v=T9STIRUJ", "audio_lang": 1, "user": 1, "episode": 129, "pub_date": "2011-05-06 19:26:06"}}, {"pk": 2, "model": "serie.link", "fields": {"subtitle": null, "url": "http://www.megavideo.com/?v=SH78V4UP", "audio_lang": 1, "user": 1, "episode": 129, "pub_date": "2011-05-06 19:26:10"}}, {"pk": 3, "model": "serie.link", "fields": {"subtitle": null, "url": "http://www.megavideo.com/?v=WY3ELZ97", "audio_lang": 1, "user": 1, "episode": 129, "pub_date": "2011-05-06 19:26:14"}}, {"pk": 4, "model": "serie.link", "fields": {"subtitle": null, "url": "http://www.megavideo.com/?v=6TWTVY0S", "audio_lang": 1, "user": 1, "episode": 128, "pub_date": "2011-05-06 19:26:18"}}, {"pk": 5, "model": "serie.link", "fields": {"subtitle": null, "url": "http://www.megavideo.com/?v=Z8HWKCQN", "audio_lang": 1, "user": 1, "episode": 128, "pub_date": "2011-05-06 19:26:22"}}, {"pk": 6, "model": "serie.link", "fields": {"subtitle": null, "url": "http://www.megavideo.com/?v=T091X9YR", "audio_lang": 1, "user": 1, "episode": 128, "pub_date": "2011-05-06 19:26:25"}}, {"pk": 7, "model": "serie.link", "fields": {"subtitle": null, "url": "http://www.megavideo.com/?v=FN24LS8L", "audio_lang": 1, "user": 1, "episode": 127, "pub_date": "2011-05-06 19:26:29"}}, {"pk": 8, "model": "serie.link", "fields": {"subtitle": null, "url": "http://www.megavideo.com/?v=6FCAVKYU", "audio_lang": 1, "user": 1, "episode": 127, "pub_date": "2011-05-06 19:26:34"}}, {"pk": 9, "model": "serie.link", "fields": {"subtitle": null, "url": "http://www.megavideo.com/?v=GCAXH5AI", "audio_lang": 1, "user": 1, "episode": 127, "pub_date": "2011-05-06 19:26:37"}}, {"pk": 10, "model": "serie.link", "fields": {"subtitle": null, "url": "http://www.megavideo.com/?v=V4PKCF5H", "audio_lang": 1, "user": 1, "episode": 126, "pub_date": "2011-05-06 19:26:42"}}, {"pk": 11, "model": "serie.link", "fields": {"subtitle": null, "url": "http://www.megavideo.com/?v=6P0FCC6X", "audio_lang": 1, "user": 1, "episode": 126, "pub_date": "2011-05-06 19:26:46"}}, {"pk": 12, "model": "serie.link", "fields": {"subtitle": null, "url": "http://www.megavideo.com/?v=BERI5725", "audio_lang": 1, "user": 1, "episode": 126, "pub_date": "2011-05-06 19:26:50"}}, {"pk": 13, "model": "serie.link", "fields": {"subtitle": null, "url": "http://www.megavideo.com/?v=GLCB91LK", "audio_lang": 1, "user": 1, "episode": 125, "pub_date": "2011-05-06 19:26:54"}}, {"pk": 14, "model": "serie.link", "fields": {"subtitle": null, "url": "http://www.megavideo.com/?v=628FA7J3", "audio_lang": 1, "user": 1, "episode": 125, "pub_date": "2011-05-06 19:26:59"}}, {"pk": 15, "model": "serie.link", "fields": {"subtitle": null, "url": "http://www.megavideo.com/?v=3LMWXK9A", "audio_lang": 1, "user": 1, "episode": 125, "pub_date": "2011-05-06 19:27:03"}}, {"pk": 16, "model": "serie.link", "fields": {"subtitle": null, "url": "http://www.megavideo.com/?v=L44SMKGC", "audio_lang": 1, "user": 1, "episode": 124, "pub_date": "2011-05-06 19:27:07"}}, {"pk": 17, "model": "serie.link", "fields": {"subtitle": null, "url": "http://www.megavideo.com/?v=NWYOIDW7", "audio_lang": 1, "user": 1, "episode": 124, "pub_date": "2011-05-06 19:27:12"}}, {"pk": 18, "model": "serie.link", "fields": {"subtitle": null, "url": "http://www.megavideo.com/?v=OXR8G1VM", "audio_lang": 1, "user": 1, "episode": 124, "pub_date": "2011-05-06 19:27:15"}}, {"pk": 19, "model": "serie.link", "fields": {"subtitle": null, "url": "http://www.megavideo.com/?v=LIU1J425", "audio_lang": 1, "user": 1, "episode": 123, "pub_date": "2011-05-06 19:27:19"}}, {"pk": 20, "model": "serie.link", "fields": {"subtitle": null, "url": "http://www.megavideo.com/?v=KEYRSMNK", "audio_lang": 1, "user": 1, "episode": 123, "pub_date": "2011-05-06 19:27:24"}}, {"pk": 21, "model": "serie.link", "fields": {"subtitle": null, "url": "http://www.megavideo.com/?v=DBM3LIZX", "audio_lang": 1, "user": 1, "episode": 123, "pub_date": "2011-05-06 19:27:28"}}, {"pk": 22, "model": "serie.link", "fields": {"subtitle": null, "url": "http://www.megavideo.com/?v=QSRZRIW7", "audio_lang": 1, "user": 1, "episode": 122, "pub_date": "2011-05-06 19:27:33"}}, {"pk": 23, "model": "serie.link", "fields": {"subtitle": null, "url": "http://www.megavideo.com/?v=0KKF93US", "audio_lang": 1, "user": 1, "episode": 122, "pub_date": "2011-05-06 19:27:37"}}, {"pk": 24, "model": "serie.link", "fields": {"subtitle": null, "url": "http://www.megavideo.com/?v=9BCV0S1D", "audio_lang": 1, "user": 1, "episode": 122, "pub_date": "2011-05-06 19:27:41"}}, {"pk": 25, "model": "serie.link", "fields": {"subtitle": null, "url": "http://www.megavideo.com/?v=SKGYFTV2", "audio_lang": 1, "user": 1, "episode": 121, "pub_date": "2011-05-06 19:27:45"}}, {"pk": 26, "model": "serie.link", "fields": {"subtitle": null, "url": "http://www.megavideo.com/?v=LNGY81RR", "audio_lang": 1, "user": 1, "episode": 121, "pub_date": "2011-05-06 19:27:50"}}, {"pk": 27, "model": "serie.link", "fields": {"subtitle": null, "url": "http://www.megavideo.com/?v=O6TNH63M", "audio_lang": 1, "user": 1, "episode": 121, "pub_date": "2011-05-06 19:27:54"}}, {"pk": 28, "model": "serie.link", "fields": {"subtitle": null, "url": "http://www.megavideo.com/?v=RWIPE3TM", "audio_lang": 1, "user": 1, "episode": 120, "pub_date": "2011-05-06 19:27:59"}}, {"pk": 29, "model": "serie.link", "fields": {"subtitle": null, "url": "http://www.megavideo.com/?v=A5SHVJ43", "audio_lang": 1, "user": 1, "episode": 120, "pub_date": "2011-05-06 19:28:03"}}, {"pk": 30, "model": "serie.link", "fields": {"subtitle": null, "url": "http://www.megavideo.com/?v=OGQJATJA", "audio_lang": 1, "user": 1, "episode": 120, "pub_date": "2011-05-06 19:28:12"}}, {"pk": 31, "model": "serie.link", "fields": {"subtitle": null, "url": "http://www.megavideo.com/?v=QD842IVL", "audio_lang": 1, "user": 1, "episode": 119, "pub_date": "2011-05-06 19:28:18"}}, {"pk": 32, "model": "serie.link", "fields": {"subtitle": null, "url": "http://www.megavideo.com/?v=TZEYM9V1", "audio_lang": 1, "user": 1, "episode": 119, "pub_date": "2011-05-06 19:28:25"}}, {"pk": 33, "model": "serie.link", "fields": {"subtitle": null, "url": "http://www.megavideo.com/?v=6BDU8E3T", "audio_lang": 1, "user": 1, "episode": 118, "pub_date": "2011-05-06 19:28:31"}}, {"pk": 34, "model": "serie.link", "fields": {"subtitle": null, "url": "http://www.megavideo.com/?v=JHK5GJO9", "audio_lang": 1, "user": 1, "episode": 118, "pub_date": "2011-05-06 19:28:37"}}, {"pk": 35, "model": "serie.link", "fields": {"subtitle": null, "url": "http://www.megavideo.com/?v=2AK7RHAQ", "audio_lang": 1, "user": 1, "episode": 117, "pub_date": "2011-05-06 19:28:43"}}, {"pk": 36, "model": "serie.link", "fields": {"subtitle": null, "url": "http://www.megavideo.com/?v=7Y1JDUF5", "audio_lang": 1, "user": 1, "episode": 117, "pub_date": "2011-05-06 19:28:49"}}, {"pk": 37, "model": "serie.link", "fields": {"subtitle": null, "url": "http://www.megavideo.com/?v=RT8O6BHA", "audio_lang": 1, "user": 1, "episode": 117, "pub_date": "2011-05-06 19:28:55"}}, {"pk": 38, "model": "serie.link", "fields": {"subtitle": null, "url": "http://www.megavideo.com/?v=FWBW9F54", "audio_lang": 1, "user": 1, "episode": 116, "pub_date": "2011-05-06 19:29:01"}}, {"pk": 39, "model": "serie.link", "fields": {"subtitle": null, "url": "http://www.megavideo.com/?v=IC3M9YCQ", "audio_lang": 1, "user": 1, "episode": 116, "pub_date": "2011-05-06 19:29:07"}}, {"pk": 40, "model": "serie.link", "fields": {"subtitle": null, "url": "http://www.megavideo.com/?v=MEME8YT4", "audio_lang": 1, "user": 1, "episode": 116, "pub_date": "2011-05-06 19:29:14"}}, {"pk": 41, "model": "serie.link", "fields": {"subtitle": null, "url": "http://www.megavideo.com/?v=5N9Y1EY3", "audio_lang": 1, "user": 1, "episode": 115, "pub_date": "2011-05-06 19:29:20"}}, {"pk": 42, "model": "serie.link", "fields": {"subtitle": null, "url": "http://www.megavideo.com/?v=NIJAPN98", "audio_lang": 1, "user": 1, "episode": 115, "pub_date": "2011-05-06 19:29:26"}}, {"pk": 43, "model": "serie.link", "fields": {"subtitle": null, "url": "http://www.megavideo.com/?v=T7QL1103", "audio_lang": 1, "user": 1, "episode": 115, "pub_date": "2011-05-06 19:29:33"}}, {"pk": 44, "model": "serie.link", "fields": {"subtitle": null, "url": "http://www.megavideo.com/?v=N9H7TOEL", "audio_lang": 1, "user": 1, "episode": 114, "pub_date": "2011-05-06 19:29:40"}}, {"pk": 45, "model": "serie.link", "fields": {"subtitle": null, "url": "http://www.megavideo.com/?v=CURUIWWC", "audio_lang": 1, "user": 1, "episode": 114, "pub_date": "2011-05-06 19:29:47"}}, {"pk": 46, "model": "serie.link", "fields": {"subtitle": null, "url": "http://www.megavideo.com/?v=5K0N2ZV3", "audio_lang": 1, "user": 1, "episode": 114, "pub_date": "2011-05-06 19:29:53"}}, {"pk": 47, "model": "serie.link", "fields": {"subtitle": null, "url": "http://www.megavideo.com/?v=GM8OPK60", "audio_lang": 1, "user": 1, "episode": 113, "pub_date": "2011-05-06 19:30:00"}}, {"pk": 48, "model": "serie.link", "fields": {"subtitle": null, "url": "http://www.megavideo.com/?v=IHVU9R12", "audio_lang": 1, "user": 1, "episode": 113, "pub_date": "2011-05-06 19:30:47"}}, {"pk": 49, "model": "serie.link", "fields": {"subtitle": null, "url": "http://www.megavideo.com/?v=4103K7LL", "audio_lang": 1, "user": 1, "episode": 113, "pub_date": "2011-05-06 19:30:55"}}, {"pk": 50, "model": "serie.link", "fields": {"subtitle": null, "url": "http://www.megavideo.com/?v=CKYG9AV8", "audio_lang": 1, "user": 1, "episode": 112, "pub_date": "2011-05-06 19:31:00"}}, {"pk": 51, "model": "serie.link", "fields": {"subtitle": null, "url": "http://www.megavideo.com/?v=P38AMCIB", "audio_lang": 1, "user": 1, "episode": 112, "pub_date": "2011-05-06 19:31:06"}}, {"pk": 52, "model": "serie.link", "fields": {"subtitle": null, "url": "http://www.megavideo.com/?v=OAVQ9ZK9", "audio_lang": 1, "user": 1, "episode": 112, "pub_date": "2011-05-06 19:31:12"}}, {"pk": 53, "model": "serie.link", "fields": {"subtitle": null, "url": "http://www.megavideo.com/?v=B66RMNIW", "audio_lang": 1, "user": 1, "episode": 111, "pub_date": "2011-05-06 19:31:16"}}, {"pk": 54, "model": "serie.link", "fields": {"subtitle": null, "url": "http://www.megavideo.com/?v=WEMK0O6P", "audio_lang": 1, "user": 1, "episode": 111, "pub_date": "2011-05-06 19:31:23"}}, {"pk": 55, "model": "serie.link", "fields": {"subtitle": null, "url": "http://www.megavideo.com/?v=MM1SZSYA", "audio_lang": 1, "user": 1, "episode": 111, "pub_date": "2011-05-06 19:31:29"}}, {"pk": 56, "model": "serie.link", "fields": {"subtitle": null, "url": "http://www.megavideo.com/?v=Q2YM8CLR", "audio_lang": 1, "user": 1, "episode": 110, "pub_date": "2011-05-06 19:31:35"}}, {"pk": 57, "model": "serie.link", "fields": {"subtitle": null, "url": "http://www.megavideo.com/?v=O2IGX1XK", "audio_lang": 1, "user": 1, "episode": 110, "pub_date": "2011-05-06 19:31:40"}}, {"pk": 58, "model": "serie.link", "fields": {"subtitle": null, "url": "http://www.megavideo.com/?v=IO2XYU3D", "audio_lang": 1, "user": 1, "episode": 110, "pub_date": "2011-05-06 19:31:44"}}, {"pk": 59, "model": "serie.link", "fields": {"subtitle": null, "url": "http://www.megavideo.com/?v=OLGZBP4M", "audio_lang": 1, "user": 1, "episode": 109, "pub_date": "2011-05-06 19:31:49"}}, {"pk": 60, "model": "serie.link", "fields": {"subtitle": null, "url": "http://www.megavideo.com/?v=MG5TGFXN", "audio_lang": 1, "user": 1, "episode": 109, "pub_date": "2011-05-06 19:31:53"}}, {"pk": 61, "model": "serie.link", "fields": {"subtitle": null, "url": "http://www.megavideo.com/?v=O7YIZGBV", "audio_lang": 1, "user": 1, "episode": 109, "pub_date": "2011-05-06 19:31:58"}}, {"pk": 62, "model": "serie.link", "fields": {"subtitle": null, "url": "http://www.megavideo.com/?v=46QZNB7K", "audio_lang": 1, "user": 1, "episode": 108, "pub_date": "2011-05-06 19:32:04"}}, {"pk": 63, "model": "serie.link", "fields": {"subtitle": null, "url": "http://www.megavideo.com/?v=PPM3NNR5", "audio_lang": 1, "user": 1, "episode": 108, "pub_date": "2011-05-06 19:32:09"}}, {"pk": 64, "model": "serie.link", "fields": {"subtitle": null, "url": "http://www.megavideo.com/?v=U8YHX7W5", "audio_lang": 1, "user": 1, "episode": 108, "pub_date": "2011-05-06 19:32:14"}}, {"pk": 65, "model": "serie.link", "fields": {"subtitle": null, "url": "http://www.megavideo.com/?v=CI42930E", "audio_lang": 1, "user": 1, "episode": 106, "pub_date": "2011-05-06 19:32:19"}}, {"pk": 66, "model": "serie.link", "fields": {"subtitle": null, "url": "http://www.megavideo.com/?v=QD3RY5QB", "audio_lang": 1, "user": 1, "episode": 106, "pub_date": "2011-05-06 19:32:24"}}, {"pk": 67, "model": "serie.link", "fields": {"subtitle": null, "url": "http://www.megavideo.com/?v=T2VFM0Z6", "audio_lang": 1, "user": 1, "episode": 106, "pub_date": "2011-05-06 19:32:29"}}, {"pk": 68, "model": "serie.link", "fields": {"subtitle": null, "url": "http://www.megavideo.com/?v=DWLAMKUK", "audio_lang": 1, "user": 1, "episode": 105, "pub_date": "2011-05-06 19:32:35"}}, {"pk": 69, "model": "serie.link", "fields": {"subtitle": null, "url": "http://www.megavideo.com/?v=B1MWTNAQ", "audio_lang": 1, "user": 1, "episode": 105, "pub_date": "2011-05-06 19:32:41"}}, {"pk": 70, "model": "serie.link", "fields": {"subtitle": null, "url": "http://www.megavideo.com/?v=FF1AKG1N", "audio_lang": 1, "user": 1, "episode": 105, "pub_date": "2011-05-06 19:32:46"}}, {"pk": 71, "model": "serie.link", "fields": {"subtitle": null, "url": "http://www.megavideo.com/?v=YKVG580P", "audio_lang": 1, "user": 1, "episode": 104, "pub_date": "2011-05-06 19:32:50"}}, {"pk": 72, "model": "serie.link", "fields": {"subtitle": null, "url": "http://www.megavideo.com/?v=ATVZYHMM", "audio_lang": 1, "user": 1, "episode": 104, "pub_date": "2011-05-06 19:32:54"}}, {"pk": 73, "model": "serie.link", "fields": {"subtitle": null, "url": "http://www.megavideo.com/?v=YEQI92PE", "audio_lang": 1, "user": 1, "episode": 104, "pub_date": "2011-05-06 19:32:59"}}, {"pk": 74, "model": "serie.link", "fields": {"subtitle": null, "url": "http://www.megavideo.com/?v=E22DYW1T", "audio_lang": 1, "user": 1, "episode": 103, "pub_date": "2011-05-06 19:33:04"}}, {"pk": 75, "model": "serie.link", "fields": {"subtitle": null, "url": "http://www.megavideo.com/?v=L56JG0JH", "audio_lang": 1, "user": 1, "episode": 103, "pub_date": "2011-05-06 19:33:08"}}, {"pk": 76, "model": "serie.link", "fields": {"subtitle": null, "url": "http://www.megavideo.com/?v=NV1EP9VH", "audio_lang": 1, "user": 1, "episode": 103, "pub_date": "2011-05-06 19:33:12"}}, {"pk": 77, "model": "serie.link", "fields": {"subtitle": null, "url": "http://www.megavideo.com/?v=HIKVEZQ8", "audio_lang": 1, "user": 1, "episode": 102, "pub_date": "2011-05-06 19:33:17"}}, {"pk": 78, "model": "serie.link", "fields": {"subtitle": null, "url": "http://www.megavideo.com/?v=VSR5YMKH", "audio_lang": 1, "user": 1, "episode": 102, "pub_date": "2011-05-06 19:33:22"}}, {"pk": 79, "model": "serie.link", "fields": {"subtitle": null, "url": "http://www.megavideo.com/?v=QACUV1CD", "audio_lang": 1, "user": 1, "episode": 102, "pub_date": "2011-05-06 19:33:26"}}, {"pk": 80, "model": "serie.link", "fields": {"subtitle": null, "url": "http://www.megavideo.com/?v=4KWAFA4U", "audio_lang": 1, "user": 1, "episode": 101, "pub_date": "2011-05-06 19:33:31"}}, {"pk": 81, "model": "serie.link", "fields": {"subtitle": null, "url": "http://www.megavideo.com/?v=AH1BO63N", "audio_lang": 1, "user": 1, "episode": 101, "pub_date": "2011-05-06 19:33:36"}}, {"pk": 82, "model": "serie.link", "fields": {"subtitle": null, "url": "http://www.megavideo.com/?v=H1N8NONN", "audio_lang": 1, "user": 1, "episode": 101, "pub_date": "2011-05-06 19:33:40"}}, {"pk": 83, "model": "serie.link", "fields": {"subtitle": null, "url": "http://www.megavideo.com/?v=E001L7IE", "audio_lang": 1, "user": 1, "episode": 100, "pub_date": "2011-05-06 19:33:45"}}, {"pk": 84, "model": "serie.link", "fields": {"subtitle": null, "url": "http://www.megavideo.com/?v=F9FWXU9Q", "audio_lang": 1, "user": 1, "episode": 100, "pub_date": "2011-05-06 19:33:49"}}, {"pk": 85, "model": "serie.link", "fields": {"subtitle": null, "url": "http://www.megavideo.com/?v=Y6501PXY", "audio_lang": 1, "user": 1, "episode": 100, "pub_date": "2011-05-06 19:33:54"}}, {"pk": 86, "model": "serie.link", "fields": {"subtitle": null, "url": "http://www.megavideo.com/?v=XX3LVWAW", "audio_lang": 1, "user": 1, "episode": 100, "pub_date": "2011-05-06 19:33:58"}}, {"pk": 1, "model": "serie.languages", "fields": {"iso_code": "es", "country": "es"}}, {"pk": 1, "model": "serie.network", "fields": {"url": null, "slug_name": "abc", "name": "ABC"}}, {"pk": 1, "model": "serie.genre", "fields": {"name_en": "Drama", "slug_name": "drama", "name": "Drama", "name_es": "Drama"}}, {"pk": 2, "model": "serie.genre", "fields": {"name_en": "Science-Fiction", "slug_name": "science-fiction", "name": "Science-Fiction", "name_es": "Science-Fiction"}}, {"pk": 1, "model": "serie.actor", "fields": {"poster": 1, "slug_name": "kyle-maclachlan", "name": "Kyle MacLachlan"}}, {"pk": 2, "model": "serie.actor", "fields": {"poster": 2, "slug_name": "michael-ontkean", "name": "Michael Ontkean"}}, {"pk": 3, "model": "serie.actor", "fields": {"poster": 3, "slug_name": "harry-goaz", "name": "Harry Goaz"}}, {"pk": 4, "model": "serie.actor", "fields": {"poster": 4, "slug_name": "catherine-e-coulson", "name": "Catherine E. Coulson"}}, {"pk": 5, "model": "serie.actor", "fields": {"poster": 5, "slug_name": "heather-graham", "name": "Heather Graham"}}, {"pk": 6, "model": "serie.actor", "fields": {"poster": 6, "slug_name": "kenneth-welsh", "name": "Kenneth Welsh"}}, {"pk": 7, "model": "serie.actor", "fields": {"poster": 7, "slug_name": "frank-silva", "name": "Frank Silva"}}, {"pk": 8, "model": "serie.actor", "fields": {"poster": 8, "slug_name": "russ-tamblyn", "name": "Russ Tamblyn"}}, {"pk": 9, "model": "serie.actor", "fields": {"poster": 9, "slug_name": "wendy-robie", "name": "Wendy Robie"}}, {"pk": 10, "model": "serie.actor", "fields": {"poster": 10, "slug_name": "eric-dare", "name": "Eric DaRe"}}, {"pk": 11, "model": "serie.actor", "fields": {"poster": 11, "slug_name": "michael-horse", "name": "Michael Horse"}}, {"pk": 12, "model": "serie.actor", "fields": {"poster": 12, "slug_name": "warren-frost", "name": "Warren Frost"}}, {"pk": 13, "model": "serie.actor", "fields": {"poster": 13, "slug_name": "kimmy-robertson", "name": "Kimmy Robertson"}}, {"pk": 14, "model": "serie.actor", "fields": {"poster": 14, "slug_name": "ray-wise", "name": "Ray Wise"}}, {"pk": 15, "model": "serie.actor", "fields": {"poster": 15, "slug_name": "richard-beymer", "name": "Richard Beymer"}}, {"pk": 16, "model": "serie.actor", "fields": {"poster": 16, "slug_name": "madchen-amick", "name": "M\u00e4dchen Amick"}}, {"pk": 17, "model": "serie.actor", "fields": {"poster": 17, "slug_name": "dana-ashbrook", "name": "Dana Ashbrook"}}, {"pk": 18, "model": "serie.actor", "fields": {"poster": 18, "slug_name": "sherilyn-fenn", "name": "Sherilyn Fenn"}}, {"pk": 19, "model": "serie.actor", "fields": {"poster": null, "slug_name": "everett-mcgill", "name": "Everett McGill"}}, {"pk": 20, "model": "serie.actor", "fields": {"poster": null, "slug_name": "jack-nance", "name": "Jack Nance"}}, {"pk": 21, "model": "serie.actor", "fields": {"poster": null, "slug_name": "james-marshall", "name": "James Marshall"}}, {"pk": 22, "model": "serie.actor", "fields": {"poster": null, "slug_name": "joan-chen", "name": "Joan Chen"}}, {"pk": 23, "model": "serie.actor", "fields": {"poster": null, "slug_name": "lara-flynn-boyle", "name": "Lara Flynn Boyle"}}, {"pk": 24, "model": "serie.actor", "fields": {"poster": null, "slug_name": "peggy-lipton", "name": "Peggy Lipton"}}, {"pk": 25, "model": "serie.actor", "fields": {"poster": null, "slug_name": "piper-laurie", "name": "Piper Laurie"}}, {"pk": 26, "model": "serie.actor", "fields": {"poster": null, "slug_name": "sheryl-lee", "name": "Sheryl Lee"}}, {"pk": 1, "model": "serie.imageserie", "fields": {"src": "img/serie/70533-3.jpg", "creator": null, "is_poster": true, "serie": 1, "title": "Twin Peaks"}}, {"pk": 1, "model": "serie.imageactor", "fields": {"src": "img/actor/1887.jpg", "creator": null, "is_poster": true, "actor": 1, "title": "Kyle MacLachlan"}}, {"pk": 2, "model": "serie.imageactor", "fields": {"src": "img/actor/1888.jpg", "creator": null, "is_poster": true, "actor": 2, "title": "Michael Ontkean"}}, {"pk": 3, "model": "serie.imageactor", "fields": {"src": "img/actor/78288.jpg", "creator": null, "is_poster": true, "actor": 3, "title": "Harry Goaz"}}, {"pk": 4, "model": "serie.imageactor", "fields": {"src": "img/actor/78295.jpg", "creator": null, "is_poster": true, "actor": 4, "title": "Catherine E. Coulson"}}, {"pk": 5, "model": "serie.imageactor", "fields": {"src": "img/actor/78294.jpg", "creator": null, "is_poster": true, "actor": 5, "title": "Heather Graham"}}, {"pk": 6, "model": "serie.imageactor", "fields": {"src": "img/actor/78293.jpg", "creator": null, "is_poster": true, "actor": 6, "title": "Kenneth Welsh"}}, {"pk": 7, "model": "serie.imageactor", "fields": {"src": "img/actor/78292.jpg", "creator": null, "is_poster": true, "actor": 7, "title": "Frank Silva"}}, {"pk": 8, "model": "serie.imageactor", "fields": {"src": "img/actor/78291.jpg", "creator": null, "is_poster": true, "actor": 8, "title": "Russ Tamblyn"}}, {"pk": 9, "model": "serie.imageactor", "fields": {"src": "img/actor/78290.jpg", "creator": null, "is_poster": true, "actor": 9, "title": "Wendy Robie"}}, {"pk": 10, "model": "serie.imageactor", "fields": {"src": "img/actor/78289.jpg", "creator": null, "is_poster": true, "actor": 10, "title": "Eric DaRe"}}, {"pk": 11, "model": "serie.imageactor", "fields": {"src": "img/actor/78287.jpg", "creator": null, "is_poster": true, "actor": 11, "title": "Michael Horse"}}, {"pk": 12, "model": "serie.imageactor", "fields": {"src": "img/actor/1901.jpg", "creator": null, "is_poster": true, "actor": 12, "title": "Warren Frost"}}, {"pk": 13, "model": "serie.imageactor", "fields": {"src": "img/actor/1900.jpg", "creator": null, "is_poster": true, "actor": 13, "title": "Kimmy Robertson"}}, {"pk": 14, "model": "serie.imageactor", "fields": {"src": "img/actor/1899.jpg", "creator": null, "is_poster": true, "actor": 14, "title": "Ray Wise"}}, {"pk": 15, "model": "serie.imageactor", "fields": {"src": "img/actor/1893.jpg", "creator": null, "is_poster": true, "actor": 15, "title": "Richard Beymer"}}, {"pk": 16, "model": "serie.imageactor", "fields": {"src": "img/actor/1892.jpg", "creator": null, "is_poster": true, "actor": 16, "title": "M\u00e4dchen Amick"}}, {"pk": 17, "model": "serie.imageactor", "fields": {"src": "img/actor/1891.jpg", "creator": null, "is_poster": true, "actor": 17, "title": "Dana Ashbrook"}}, {"pk": 18, "model": "serie.imageactor", "fields": {"src": "img/actor/1889.jpg", "creator": null, "is_poster": true, "actor": 18, "title": "Sherilyn Fenn"}}, {"pk": 1, "model": "serie.imageepisode", "fields": {"src": "img/episodes/302789.jpg", "creator": null, "episode": 1, "is_poster": true, "title": "El Fuego Camina Conmigo"}}, {"pk": 2, "model": "serie.imageepisode", "fields": {"src": "img/episodes/441235.jpg", "creator": null, "episode": 2, "is_poster": true, "title": "Pilot - International Release"}}, {"pk": 3, "model": "serie.imageepisode", "fields": {"src": "img/episodes/441236.jpg", "creator": null, "episode": 3, "is_poster": true, "title": "Pilot - International Release Alternate Ending"}}, {"pk": 4, "model": "serie.imageepisode", "fields": {"src": "img/episodes/423610.jpg", "creator": null, "episode": 8, "is_poster": true, "title": "A Slice of Lynch"}}, {"pk": 5, "model": "serie.imageepisode", "fields": {"src": "img/episodes/423611.jpg", "creator": null, "episode": 13, "is_poster": true, "title": "Saturday Night Live: Kyle MacLachlan Monologue"}}, {"pk": 6, "model": "serie.imageepisode", "fields": {"src": "img/episodes/423612.jpg", "creator": null, "episode": 15, "is_poster": true, "title": "Twin Peaks Festival: Return to Twin Peaks"}}, {"pk": 7, "model": "serie.imageepisode", "fields": {"src": "img/episodes/11673.jpg", "creator": null, "episode": 100, "is_poster": true, "title": "Piloto. Un cad\u00e1ver en Black Lane"}}, {"pk": 8, "model": "serie.imageepisode", "fields": {"src": "img/episodes/11674.jpg", "creator": null, "episode": 101, "is_poster": true, "title": "Pistas sin salida"}}, {"pk": 9, "model": "serie.imageepisode", "fields": {"src": "img/episodes/11675.jpg", "creator": null, "episode": 102, "is_poster": true, "title": "Zen, una habilidad para cazar a un asesino"}}, {"pk": 10, "model": "serie.imageepisode", "fields": {"src": "img/episodes/11676.jpg", "creator": null, "episode": 103, "is_poster": true, "title": "Descanse en el dolor"}}, {"pk": 11, "model": "serie.imageepisode", "fields": {"src": "img/episodes/11677.jpg", "creator": null, "episode": 104, "is_poster": true, "title": "El manco"}}, {"pk": 12, "model": "serie.imageepisode", "fields": {"src": "img/episodes/11678.jpg", "creator": null, "episode": 105, "is_poster": true, "title": "Los sue\u00f1os de Cooper"}}, {"pk": 13, "model": "serie.imageepisode", "fields": {"src": "img/episodes/11679.jpg", "creator": null, "episode": 106, "is_poster": true, "title": "Las averiguaciones"}}, {"pk": 14, "model": "serie.imageepisode", "fields": {"src": "img/episodes/11680.jpg", "creator": null, "episode": 107, "is_poster": true, "title": "El \u00faltimo atardecer"}}, {"pk": 15, "model": "serie.imageepisode", "fields": {"src": "img/episodes/11681.jpg", "creator": null, "episode": 108, "is_poster": true, "title": "\u00bfPuede el Gigante estar Contigo?"}}, {"pk": 16, "model": "serie.imageepisode", "fields": {"src": "img/episodes/11682.jpg", "creator": null, "episode": 109, "is_poster": true, "title": "Coma"}}, {"pk": 17, "model": "serie.imageepisode", "fields": {"src": "img/episodes/11683.jpg", "creator": null, "episode": 110, "is_poster": true, "title": "El Hombre tras el Cristal"}}, {"pk": 18, "model": "serie.imageepisode", "fields": {"src": "img/episodes/11684.jpg", "creator": null, "episode": 111, "is_poster": true, "title": "El Diario Secreto de Laura"}}, {"pk": 19, "model": "serie.imageepisode", "fields": {"src": "img/episodes/11685.jpg", "creator": null, "episode": 112, "is_poster": true, "title": "La Maldici\u00f3n de la Orqu\u00eddea"}}, {"pk": 20, "model": "serie.imageepisode", "fields": {"src": "img/episodes/11686.jpg", "creator": null, "episode": 113, "is_poster": true, "title": "Demonios"}}, {"pk": 21, "model": "serie.imageepisode", "fields": {"src": "img/episodes/11687.jpg", "creator": null, "episode": 114, "is_poster": true, "title": "Almas Solitarias"}}, {"pk": 22, "model": "serie.imageepisode", "fields": {"src": "img/episodes/11688.jpg", "creator": null, "episode": 115, "is_poster": true, "title": "Conduce con una Muerta"}}, {"pk": 23, "model": "serie.imageepisode", "fields": {"src": "img/episodes/11689.jpg", "creator": null, "episode": 116, "is_poster": true, "title": "Ley Arbitraria"}}, {"pk": 24, "model": "serie.imageepisode", "fields": {"src": "img/episodes/11690.jpg", "creator": null, "episode": 117, "is_poster": true, "title": "Disputa entre Hermanos"}}, {"pk": 25, "model": "serie.imageepisode", "fields": {"src": "img/episodes/11691.jpg", "creator": null, "episode": 118, "is_poster": true, "title": "Baile de Disfraces"}}, {"pk": 26, "model": "serie.imageepisode", "fields": {"src": "img/episodes/11692.jpg", "creator": null, "episode": 119, "is_poster": true, "title": "La Viuda Negra"}}, {"pk": 27, "model": "serie.imageepisode", "fields": {"src": "img/episodes/11693.jpg", "creator": null, "episode": 120, "is_poster": true, "title": "Jaque Mate"}}, {"pk": 28, "model": "serie.imageepisode", "fields": {"src": "img/episodes/11694.jpg", "creator": null, "episode": 121, "is_poster": true, "title": "Doble Juego"}}, {"pk": 29, "model": "serie.imageepisode", "fields": {"src": "img/episodes/11695.jpg", "creator": null, "episode": 122, "is_poster": true, "title": "Esclavos y Amos"}}, {"pk": 30, "model": "serie.imageepisode", "fields": {"src": "img/episodes/11696.jpg", "creator": null, "episode": 123, "is_poster": true, "title": "La Mujer Condenada"}}, {"pk": 31, "model": "serie.imageepisode", "fields": {"src": "img/episodes/11697.jpg", "creator": null, "episode": 124, "is_poster": true, "title": "Heridas y Cicatrices"}}, {"pk": 32, "model": "serie.imageepisode", "fields": {"src": "img/episodes/11698.jpg", "creator": null, "episode": 125, "is_poster": true, "title": "En Alas del Amor"}}, {"pk": 33, "model": "serie.imageepisode", "fields": {"src": "img/episodes/11699.jpg", "creator": null, "episode": 126, "is_poster": true, "title": "Variaciones en las Relaciones"}}, {"pk": 34, "model": "serie.imageepisode", "fields": {"src": "img/episodes/11700.jpg", "creator": null, "episode": 127, "is_poster": true, "title": "El Sendero a la Logia Negra"}}, {"pk": 35, "model": "serie.imageepisode", "fields": {"src": "img/episodes/11701.jpg", "creator": null, "episode": 128, "is_poster": true, "title": "Miss Twin Peaks"}}, {"pk": 36, "model": "serie.imageepisode", "fields": {"src": "img/episodes/11702.jpg", "creator": null, "episode": 129, "is_poster": true, "title": "Mas All\u00e1 de la Vida y la Muerte"}}]
